index,some_clusters
CTCGTACGTGCTGTAT-1_SIGAB1,0
GATGAAAAGCGAGAAA-1_SIGAG1,9
AGCTCTCAGGATGCGT-1_SIGAF1,1
CCCAATCGTAAGTAGT-1_SIGAD1,3
ATTGGTGAGATACACA-1_SIGAG1,7
ACACCAATCGACGGAA-1_SIGAC1,3
GAATAAGCAGCTTCGG-1_SIGAH1,5
GTGCGGTAGGGCATGT-1_SIGAG1,0
GACACGCTCGCTTAGA-1_SIGAF1,2
GGGCATCAGAATGTGT-1_SIGAB1,10
GATGCTATCGATAGAA-1_SIGAD1,1
CCCTCCTCATAGACTC-1_SIGAG1,9
TGTGTTTCATTAACCG-1_SIGAB1,0
CGTCCATGTGACAAAT-1_SIGAD1,3
ACATGGTTCAGCTCGG-1_SIGAH1,7
GGGATGACAGCCTGTG-1_SIGAF1,4
TGGTTCCCATGCCTAA-1_SIGAF1,0
GCACTCTAGTTAACGA-1_SIGAH1,9
ATCGAGTTCACGGTTA-1_SIGAH1,1
CGTAGCGAGTGTGGCA-1_SIGAF1,2
CGATGTAGTACAGTTC-1_SIGAH1,2
TGACTTTCAAACTGCT-1_SIGAB1,10
ATCACGAAGATGTGGC-1_SIGAC1,5
TGTCCCAGTACCAGTT-1_SIGAB1,5
CATATGGAGCTGAACG-1_SIGAC1,4
CAACTAGCAGGGTTAG-1_SIGAC1,3
GTGGGTCAGAGACTTA-1_SIGAD1,0
ATTGGTGGTACGAAAT-1_SIGAH1,6
CACAAACCACTGTGTA-1_SIGAC1,0
TTGGAACAGGGTCTCC-1_SIGAB1,1
ATCACGAAGAGGTACC-1_SIGAB1,3
TCAGCTCTCTGACCTC-1_SIGAC1,0
TGGCCAGAGTTCGCGC-1_SIGAD1,3
CTCGGAGTCATGGTCA-1_SIGAG1,5
CATCGAATCGACAGCC-1_SIGAD1,1
TTTATGCCACAAGACG-1_SIGAD1,0
CCTATTACATTAGGCT-1_SIGAC1,0
GATGAAAGTGCAACTT-1_SIGAG1,1
CTTGGCTTCCTCGCAT-1_SIGAF1,9
CGAACATTCAGCAACT-1_SIGAD1,0
CTCCTAGTCCTGCTTG-1_SIGAH1,1
CCACGGACACGCCAGT-1_SIGAF1,2
GTGTTAGCAGAGCCAA-1_SIGAB1,0
TTGTAGGCACACCGAC-1_SIGAB1,3
CAGAGAGAGGATGCGT-1_SIGAD1,1
ACAGCCGCAGCTGCAC-1_SIGAC1,0
TGGCGCAGTCAAAGCG-1_SIGAB1,4
AATCCAGCAAGCGAGT-1_SIGAG1,2
AGGGTGAAGTTCGCGC-1_SIGAG1,6
GACCAATCACGGCCAT-1_SIGAC1,11
TCTCTAACATCCGTGG-1_SIGAB1,0
GCAGTTATCAGCTGGC-1_SIGAB1,1
ACGGCCACAGATTGCT-1_SIGAD1,3
GTCGGGTGTGCAGACA-1_SIGAG1,1
AGCAGCCAGAGAGCTC-1_SIGAF1,7
CTGCCTAAGCCCAACC-1_SIGAD1,0
ACACCGGGTGTGGCTC-1_SIGAF1,3
ATTATCCTCCAGTATG-1_SIGAH1,2
GCTTCCAAGTTTCCTT-1_SIGAG1,2
CGCCAAGGTACCGTTA-1_SIGAB1,3
TCACAAGAGTTAGGTA-1_SIGAD1,0
TTGGCAATCAGAGACG-1_SIGAB1,5
ACGAGGAGTGTGAAAT-1_SIGAB1,3
CGCTTCAGTCGATTGT-1_SIGAG1,7
GGGATGAAGGACGAAA-1_SIGAB1,2
TTGAACGTCAGGCGAA-1_SIGAH1,2
TAGTGGTGTATATGAG-1_SIGAC1,2
CAGATCAGTGAACCTT-1_SIGAD1,4
CCAATCCTCGTTTAGG-1_SIGAF1,2
ACGCAGCAGCATGGCA-1_SIGAB1,3
AAGCCGCTCCTAAGTG-1_SIGAB1,0
CTAGCCTCATTGGCGC-1_SIGAC1,4
TGGCTGGTCCACGACG-1_SIGAF1,1
GGATTACTCGGCTTGG-1_SIGAC1,11
CCGTACTTCCTTTCTC-1_SIGAC1,2
GGCTCGAAGGAGTAGA-1_SIGAB1,0
TGATTTCCAAACAACA-1_SIGAB1,3
GGCTGGTCAAAGCGGT-1_SIGAH1,5
TGATTTCGTCAAAGAT-1_SIGAH1,0
GCATGATCAAACGTGG-1_SIGAG1,5
CCAATCCCACCCATTC-1_SIGAF1,9
TACGGGCGTGCACGAA-1_SIGAF1,3
CACAAACCACGTCAGC-1_SIGAB1,0
TATTACCCACACTGCG-1_SIGAB1,0
CGCGGTAAGCCAGTTT-1_SIGAC1,3
TGGGCGTAGTACGACG-1_SIGAB1,0
TAAACCGAGTTAAGTG-1_SIGAF1,6
CACTCCAAGTTTAGGA-1_SIGAD1,5
ACTTTCAAGATCTGAA-1_SIGAF1,0
TACACGACAATGTAAG-1_SIGAC1,5
GGACAGAAGAGATGAG-1_SIGAB1,0
CCTACACGTACCTACA-1_SIGAC1,2
GAACATCAGGTGCAAC-1_SIGAC1,0
GAATGAACAATCGGTT-1_SIGAD1,1
TTCTCCTGTCGTCTTC-1_SIGAB1,0
CATTATCTCGGCCGAT-1_SIGAH1,1
AATCCAGCATTGGTAC-1_SIGAH1,7
CTACGTCGTGTGGCTC-1_SIGAD1,6
TCAGGTAGTGACGGTA-1_SIGAH1,2
GTCCTCACATCATCCC-1_SIGAD1,3
CCTTCCCCAGTCGTGC-1_SIGAG1,10
CATATTCGTAGCACGA-1_SIGAD1,3
CATGCCTGTCGCGGTT-1_SIGAC1,3
CGTGTCTAGCCTCGTG-1_SIGAG1,1
TACGGTATCGGATGGA-1_SIGAC1,0
AACACGTCATCGGTTA-1_SIGAG1,6
CCTACACAGAGCAATT-1_SIGAC1,11
AAAGATGGTTTGACAC-1_SIGAH1,9
GCACATAAGCCAGTTT-1_SIGAG1,5
CAGGTGCAGCGTGAGT-1_SIGAG1,7
GCGCAGTGTTCCACGG-1_SIGAD1,3
GCAGTTACAGATGGGT-1_SIGAH1,4
GCGGGTTCAGACAGGT-1_SIGAD1,11
CCATGTCTCTGCTGTC-1_SIGAC1,0
AGCGGTCAGATATGGT-1_SIGAD1,0
GCGCAGTGTGAAAGAG-1_SIGAH1,1
CTTCTCTGTAAGTAGT-1_SIGAD1,1
TTGCCGTCAACGCACC-1_SIGAH1,9
ATTTCTGTCACTTCAT-1_SIGAG1,2
ACGCCAGCAGTGAGTG-1_SIGAD1,0
GTCCTCACAATGGAAT-1_SIGAC1,0
CCCAATCTCCTCGCAT-1_SIGAH1,2
GTGCATAGTCTAAACC-1_SIGAG1,4
GGTGAAGGTACAGTTC-1_SIGAD1,3
CAGCTAATCCGCTGTT-1_SIGAC1,4
TCTCATAGTCTTCAAG-1_SIGAD1,11
GTTCGGGAGAGCCTAG-1_SIGAG1,2
GCTGGGTGTCTCGTTC-1_SIGAF1,6
GGGCACTAGGTGCACA-1_SIGAB1,2
GCTGCGATCCGAAGAG-1_SIGAC1,0
GTAGGCCAGTTACCCA-1_SIGAB1,0
CGAACATAGCCGATTT-1_SIGAB1,11
TGTTCCGAGTCAATAG-1_SIGAD1,0
CACACAATCCAAGTAC-1_SIGAH1,1
TACGGGCGTCTGCGGT-1_SIGAH1,6
CTAGAGTGTAGCGCAA-1_SIGAG1,3
AGCCTAACACGACGAA-1_SIGAH1,0
GGCAATTGTACCCAAT-1_SIGAB1,0
CTTAACTTCCGAATGT-1_SIGAG1,7
CTACGTCTCCCGGATG-1_SIGAB1,0
GGACAGACATACGCTA-1_SIGAD1,0
TACTCATTCGGATGTT-1_SIGAC1,11
CGGTTAAAGCAAATCA-1_SIGAH1,5
AGAGCGATCATTATCC-1_SIGAH1,9
GGGACCTAGTCACGCC-1_SIGAH1,9
TTGGCAAGTCTGATTG-1_SIGAB1,11
ACCAGTAGTCGCTTTC-1_SIGAB1,11
ATGCGATAGGGCACTA-1_SIGAD1,1
CTGAAGTGTTCCTCCA-1_SIGAF1,7
GACCTGGTCACTGGGC-1_SIGAF1,7
TAGACCAAGGACTGGT-1_SIGAH1,2
CTTACCGCATGAACCT-1_SIGAF1,10
AGCTCTCTCTTAGAGC-1_SIGAC1,0
CGGAGCTGTCCAGTGC-1_SIGAG1,9
CTGATAGCAGGGCATA-1_SIGAB1,4
TCAGGATAGCTAGGCA-1_SIGAG1,11
GGGTTGCGTTACTGAC-1_SIGAF1,7
CATATTCGTGGCTCCA-1_SIGAD1,1
CTAGTGAAGCCAGGAT-1_SIGAC1,4
TTGGCAAAGACCACGA-1_SIGAD1,4
TTATGCTCATCTCGCT-1_SIGAD1,0
CTCACACGTCTCATCC-1_SIGAF1,5
GTGTTAGAGGCCCTCA-1_SIGAC1,0
CGACCTTTCAGGATCT-1_SIGAG1,6
CTTACCGCAATGAATG-1_SIGAC1,4
CAAGTTGGTCCGAACC-1_SIGAC1,0
ACATACGGTTCACGGC-1_SIGAC1,6
TGCGTGGCACGAAGCA-1_SIGAF1,9
ACGAGGACAGTTTACG-1_SIGAB1,0
TGACTTTGTATGCTTG-1_SIGAF1,2
AACTCAGCAAGCTGTT-1_SIGAB1,0
TTAGGCACAAGGGTCA-1_SIGAC1,0
AACACGTAGAAACCAT-1_SIGAG1,2
CGTGTAAAGATAGGAG-1_SIGAD1,0
CGATGTAGTCGCCATG-1_SIGAC1,4
CGTGTCTCATCTCCCA-1_SIGAB1,0
CGACCTTTCCGCTGTT-1_SIGAG1,1
AAGGAGCTCACAGTAC-1_SIGAG1,8
ATTACTCTCGGAGCAA-1_SIGAC1,3
AGTGTCAAGTGAACAT-1_SIGAH1,11
TTCTACATCGCCAGCA-1_SIGAG1,2
TTTCCTCGTCAGAAGC-1_SIGAB1,8
ACTGTCCCATCCGGGT-1_SIGAB1,0
ATCGAGTTCTGAGGGA-1_SIGAF1,6
CTGCTGTGTCTCTCGT-1_SIGAD1,0
GCAATCACACGGTGTC-1_SIGAG1,4
ACAGCCGAGCTGTCTA-1_SIGAG1,3
AACTCTTAGATGTGTA-1_SIGAB1,4
AGGGAGTGTCTCTCGT-1_SIGAF1,1
ATCTGCCAGCCGGTAA-1_SIGAB1,3
TCAGCTCAGTACGTTC-1_SIGAC1,0
GTGCAGCCACCTCGTT-1_SIGAH1,2
GCGCAGTCATCCCACT-1_SIGAC1,4
GGAAAGCTCTTGAGGT-1_SIGAC1,11
CTGCCTAGTCTGATCA-1_SIGAC1,0
TCTCATACAAGCCGTC-1_SIGAD1,0
CAGAATCTCAGTTTGG-1_SIGAG1,7
AGGGATGGTAGTAGTA-1_SIGAG1,3
AACTGGTGTTTACTCT-1_SIGAG1,6
GGACGTCAGTTCGATC-1_SIGAB1,11
CCTCTGAGTTCGTGAT-1_SIGAB1,3
GCTGCAGCATTAGGCT-1_SIGAC1,6
CACAGGCCAGTTCATG-1_SIGAG1,2
TGTCCCACATACGCTA-1_SIGAC1,10
GATGAGGTCTGTTTGT-1_SIGAB1,1
GTGCTTCAGAGACGAA-1_SIGAG1,5
AGGTCATGTACATCCA-1_SIGAF1,1
AGGGATGAGTTAGGTA-1_SIGAG1,5
CGATGTATCTACTTAC-1_SIGAG1,10
CTGCGGACAGGAACGT-1_SIGAH1,2
GGCTGGTGTCCGAAGA-1_SIGAG1,1
GCAATCAGTTATTCTC-1_SIGAD1,8
TGACTAGCAGCTTAAC-1_SIGAF1,6
AATCCAGTCGGAATCT-1_SIGAH1,2
CATCGGGTCCTATTCA-1_SIGAD1,0
TGACAACGTGCAGGTA-1_SIGAD1,9
CGTAGGCTCAAAGACA-1_SIGAG1,7
CACTCCATCACCCGAG-1_SIGAF1,2
CTGATAGCAGTCTTCC-1_SIGAH1,8
ACTGTCCGTAGTAGTA-1_SIGAH1,5
GCTCCTATCCTGCTTG-1_SIGAD1,0
CAGCGACTCAAGGTAA-1_SIGAB1,0
AGAGCTTTCGGTTAAC-1_SIGAC1,11
TGCGGGTAGTCATCCA-1_SIGAH1,2
GGACAAGCATCACCCT-1_SIGAH1,1
TAAGCGTTCTCTAAGG-1_SIGAH1,2
TTTCCTCCAGACGCAA-1_SIGAF1,4
CTACCCAGTTGCGCAC-1_SIGAG1,7
AACACGTAGGTGCACA-1_SIGAH1,7
GACGCGTGTATAGGGC-1_SIGAG1,9
AAGACCTTCGTTTAGG-1_SIGAF1,9
CGATCGGAGTGTCTCA-1_SIGAC1,3
GGAACTTTCCTAGTGA-1_SIGAB1,1
CTCACACGTCAAAGCG-1_SIGAD1,5
TGCACCTGTGCCTGCA-1_SIGAB1,3
CCATTCGCACCCATGG-1_SIGAD1,8
CCACCTAGTGTAAGTA-1_SIGAB1,0
TACGGTAGTGGTCTCG-1_SIGAD1,0
GACGTGCGTGTCAATC-1_SIGAB1,11
TCGGGACCACCCATTC-1_SIGAC1,0
ACAGCCGCAAAGGTGC-1_SIGAD1,4
AACTCAGAGGATTCGG-1_SIGAB1,0
TGAGAGGTCTAACCGA-1_SIGAH1,1
TTCGGTCCACGGTTTA-1_SIGAC1,0
GAAGCAGGTACGCTGC-1_SIGAB1,11
CAAGTTGAGCCACTAT-1_SIGAF1,3
GACTGCGTCGCGTTTC-1_SIGAB1,0
GAATAAGTCGAACTGT-1_SIGAH1,0
GAAGCAGTCGTTACAG-1_SIGAF1,7
CATCCACTCACCCGAG-1_SIGAC1,1
CATCAAGTCTTGAGGT-1_SIGAD1,10
CCTCAGTTCATCTGCC-1_SIGAH1,2
TACCTATGTGCAGTAG-1_SIGAH1,2
AATCCAGGTAGCTGCC-1_SIGAH1,1
GCTGCTTCAGACAAAT-1_SIGAH1,5
CTACATTCAACGATCT-1_SIGAB1,3
GCTTGAAGTCCAACTA-1_SIGAC1,8
ACTTACTAGTTCGCGC-1_SIGAC1,2
CGGAGTCGTGTGAATA-1_SIGAF1,6
AGGGAGTCAAATACAG-1_SIGAG1,6
CGTGTAACAGTAGAGC-1_SIGAG1,4
GTTTCTATCAACCATG-1_SIGAB1,11
AGGCCGTAGAATAGGG-1_SIGAC1,3
ACATACGCAGATGAGC-1_SIGAF1,9
ACGCCGACAGTTTACG-1_SIGAG1,0
GATCGTAGTACCCAAT-1_SIGAF1,4
GCCAAATTCACATACG-1_SIGAB1,8
CCGTTCATCAATCTCT-1_SIGAH1,2
CACCTTGTCGCCTGTT-1_SIGAH1,4
TGCCCATCACGCGAAA-1_SIGAB1,4
GTAGTCACAGTCACTA-1_SIGAC1,4
GACCTGGCACATTAGC-1_SIGAH1,1
ATTCTACAGTAATCCC-1_SIGAB1,11
CATGGCGAGCTAGTGG-1_SIGAB1,8
TGCCAAATCCTAAGTG-1_SIGAH1,6
ATAGACCTCAACGCTA-1_SIGAB1,4
ACTTACTCAAGTTGTC-1_SIGAH1,2
GAACCTATCAACTCTT-1_SIGAD1,1
TCAGGATGTGAGCGAT-1_SIGAF1,7
AGTCTTTGTGCCTGCA-1_SIGAC1,3
TTCCCAGGTCCGAACC-1_SIGAD1,0
CGCGGTAAGGAGCGTT-1_SIGAC1,2
ACGGGCTGTACTTGAC-1_SIGAB1,4
CGGACGTGTCCGTGAC-1_SIGAG1,3
ACATGGTAGGCAATTA-1_SIGAC1,8
ACATCAGAGAGAACAG-1_SIGAG1,2
AGATTGCTCAGCGACC-1_SIGAD1,4
GTTTCTAGTATCAGTC-1_SIGAC1,2
TCTTCGGTCTTGAGAC-1_SIGAF1,2
AGCTTGATCTAACCGA-1_SIGAD1,8
CCATTCGTCGTCCAGG-1_SIGAB1,4
AGCATACTCACTCTTA-1_SIGAG1,11
CGTCCATCAATCGGTT-1_SIGAB1,8
CCTTACGTCAAACCAC-1_SIGAG1,9
ATGGGAGAGAGACGAA-1_SIGAB1,1
GCGCAGTTCGTTTAGG-1_SIGAB1,0
CACATAGCAATGGAAT-1_SIGAD1,8
GTGCATAAGGGTGTGT-1_SIGAC1,0
AAAGTAGCAGACGCTC-1_SIGAC1,3
AAGGAGCCATAAGACA-1_SIGAH1,3
GGTGAAGCACGTAAGG-1_SIGAG1,6
CGATTGAGTATGCTTG-1_SIGAH1,1
TCCACACGTGACTACT-1_SIGAB1,8
CAGCATACAATGACCT-1_SIGAG1,10
GAGGTGACAGTCGTGC-1_SIGAB1,1
CAGAATCGTAGGACAC-1_SIGAG1,9
CGATCGGCACGACGAA-1_SIGAD1,3
CATGCCTGTTCGCTAA-1_SIGAB1,4
CTGATCCGTGAGGCTA-1_SIGAB1,1
CCAATCCAGGTCATCT-1_SIGAH1,10
GAAATGAGTAGTAGTA-1_SIGAB1,0
CGAATGTGTTCAGACT-1_SIGAH1,2
TGGTTCCGTGAGGCTA-1_SIGAD1,1
CACACTCGTTCGTCTC-1_SIGAF1,10
CTACATTCACGACTCG-1_SIGAH1,6
GTTCTCGCACTAAGTC-1_SIGAG1,8
TGGACGCGTTATGCGT-1_SIGAD1,2
GGAAAGCGTCAACATC-1_SIGAB1,10
CAGTAACTCCTGTAGA-1_SIGAF1,1
AAGACCTTCTGCTTGC-1_SIGAG1,6
ACTTTCAGTCGAATCT-1_SIGAH1,2
TTGCGTCGTACGCTGC-1_SIGAF1,1
CAAGAAAAGCACAGGT-1_SIGAC1,3
GGCTCGACAGTCAGCC-1_SIGAD1,0
ACACTGAAGTGCTGCC-1_SIGAD1,0
TGGGAAGAGAGGGATA-1_SIGAB1,0
CTGTGCTTCACATAGC-1_SIGAF1,2
CTCTACGCATGATCCA-1_SIGAG1,2
TTCGGTCTCTGTCTCG-1_SIGAD1,0
CTTAGGAGTTCAGACT-1_SIGAC1,10
TACACGATCCCGACTT-1_SIGAB1,10
GCTCTGTGTGACTCAT-1_SIGAH1,7
ACGCAGCAGTCTCAAC-1_SIGAF1,7
AGGTCCGGTCGTTGTA-1_SIGAC1,1
AGCGTCGCATCATCCC-1_SIGAH1,0
GTCGTAAGTGTTCTTT-1_SIGAG1,2
TTGCCGTAGGTAGCCA-1_SIGAF1,8
GCGCCAATCGTTTGCC-1_SIGAF1,1
GTGCATAAGTCGATAA-1_SIGAD1,4
ATTACTCGTAAGGGAA-1_SIGAB1,11
ACTTGTTGTATCGCAT-1_SIGAH1,3
TCGTAGATCAAGCCTA-1_SIGAF1,1
GGGCACTCAGTTTACG-1_SIGAF1,10
TGACTAGCACGTGAGA-1_SIGAB1,5
GCATGCGTCCACGAAT-1_SIGAC1,3
CATCGAAGTTTGGGCC-1_SIGAC1,4
AGTGAGGGTAGTAGTA-1_SIGAC1,4
ACGAGCCGTGCCTTGG-1_SIGAC1,1
TGACGGCGTAAATACG-1_SIGAF1,2
CTCGAAACACATTCGA-1_SIGAH1,9
CACTCCACACGTCTCT-1_SIGAC1,0
AATCCAGGTCCGACGT-1_SIGAC1,1
GCAGCCAGTAATTGGA-1_SIGAH1,7
TATGCCCAGACTACAA-1_SIGAC1,6
GCTTGAATCAGCGACC-1_SIGAH1,1
GTGCATAAGTCGTTTG-1_SIGAD1,0
GCGAGAACACATGGGA-1_SIGAD1,0
ACGGGCTCAGCTGCTG-1_SIGAF1,1
ATCACGAGTATCTGCA-1_SIGAD1,0
TCGCGAGAGTTCGCAT-1_SIGAH1,5
CTGATCCGTACAGACG-1_SIGAC1,10
CGATTGACAGCGTAAG-1_SIGAG1,9
TATCTCACACGAAATA-1_SIGAH1,1
CTCTGGTCAGTAACGG-1_SIGAC1,4
GGGATGAGTGTCGCTG-1_SIGAH1,0
ACGGAGAAGAGACTAT-1_SIGAF1,3
GACTACAGTAGCGATG-1_SIGAC1,1
CCGGTAGTCTCTAGGA-1_SIGAG1,6
GATCGTAGTAGCGTGA-1_SIGAC1,8
GATGAAAAGACGACGT-1_SIGAG1,9
GCATGCGTCGGAATCT-1_SIGAG1,7
ACGCAGCGTGCACTTA-1_SIGAC1,8
TATCAGGTCATTCACT-1_SIGAH1,9
TTAACTCCAAACTGTC-1_SIGAD1,1
GTGTTAGCAATCAGAA-1_SIGAF1,2
CTAAGACTCATCGATG-1_SIGAD1,1
CCGGTAGGTAGTGAAT-1_SIGAG1,2
AACTTTCCATGACGGA-1_SIGAD1,3
GTGCAGCTCTGGAGCC-1_SIGAH1,5
GTACGTAGTTCGAATC-1_SIGAG1,6
TTGCGTCAGTACACCT-1_SIGAB1,0
TGTGGTACATGACATC-1_SIGAH1,0
GATCGCGTCCATGAGT-1_SIGAG1,0
AGGCCGTGTGCATCTA-1_SIGAD1,0
ACACCAATCGGATGTT-1_SIGAC1,10
CGTGTCTGTCAGTGGA-1_SIGAB1,0
GCGCGATCACGTAAGG-1_SIGAB1,0
CTGCTGTGTTCATGGT-1_SIGAB1,4
TGGACGCGTTACGACT-1_SIGAD1,8
CGTTGGGGTCTTGTCC-1_SIGAC1,5
ATTCTACGTGTTTGTG-1_SIGAC1,0
CCATGTCGTTGGTAAA-1_SIGAG1,5
ACACCAACACTCTGTC-1_SIGAF1,0
CAGCCGAGTTCCGGCA-1_SIGAH1,2
CATTCGCTCGGAGGTA-1_SIGAC1,0
ATAAGAGGTAAGAGGA-1_SIGAD1,0
ATAAGAGTCTGTTGAG-1_SIGAG1,5
CGGAGTCAGTACGACG-1_SIGAB1,0
CACATAGCACGGCGTT-1_SIGAG1,0
CTCGTCAAGAGTGACC-1_SIGAC1,2
CTAACTTCAGCTGTTA-1_SIGAC1,3
GGGACCTCAGACTCGC-1_SIGAG1,7
GAGCAGAGTTGAACTC-1_SIGAF1,4
CCTTCCCAGAATGTTG-1_SIGAF1,3
CATTCGCAGAAGGGTA-1_SIGAH1,6
AGCTTGATCAAACCGT-1_SIGAC1,0
ACGGGTCTCGCCATAA-1_SIGAD1,0
GACGTTAGTCTTGTCC-1_SIGAH1,2
TGGTTAGAGGCATTGG-1_SIGAG1,2
TAGTGGTAGTCGTTTG-1_SIGAB1,0
CTAGCCTTCTCGTATT-1_SIGAC1,0
TGAGGGACAGATCTGT-1_SIGAG1,0
GACGCGTAGCCACGCT-1_SIGAG1,0
GGAACTTGTAGTGAAT-1_SIGAC1,1
ATCGAGTGTGATAAGT-1_SIGAG1,1
AGAGCGAGTAGCTAAA-1_SIGAH1,8
ACATCAGAGCAGCCTC-1_SIGAH1,2
CCACCTAGTGCAGGTA-1_SIGAH1,11
TGACTAGAGGCATGTG-1_SIGAH1,9
CTAAGACTCGGCGCAT-1_SIGAB1,0
ATCATCTGTATATCCG-1_SIGAF1,1
GAATAAGCAGCCTATA-1_SIGAF1,9
GTGTTAGGTTACAGAA-1_SIGAH1,5
AGCTCTCGTAAGTAGT-1_SIGAD1,3
TCGAGGCCAGGTCCAC-1_SIGAH1,7
TGACGGCTCGCTTGTC-1_SIGAB1,3
ATCCGAAGTCGTGGCT-1_SIGAF1,7
TGACTAGTCCGTCATC-1_SIGAG1,10
GCTTGAACAATAACGA-1_SIGAF1,2
CGTGAGCTCCAGATCA-1_SIGAB1,8
TAGACCAAGACCCACC-1_SIGAH1,3
CAGTAACAGTCCGGTC-1_SIGAB1,7
TCCACACAGATGTGTA-1_SIGAG1,2
ACCAGTAGTCGAGTTT-1_SIGAG1,3
TAGACCATCGGCTTGG-1_SIGAF1,9
GTCATTTGTAAGGGCT-1_SIGAG1,7
GCTCTGTCATCGATTG-1_SIGAF1,7
CGAATGTCAGGATTGG-1_SIGAB1,0
TTGTAGGTCCCACTTG-1_SIGAF1,0
TCTTCGGTCTGCCAGG-1_SIGAC1,6
CCTCTGACACTAAGTC-1_SIGAF1,11
GACGCGTGTATAATGG-1_SIGAG1,4
ACACTGAAGCAACGGT-1_SIGAC1,5
TCAGCTCAGTCGATAA-1_SIGAH1,5
GCAGTTAAGAGTAATC-1_SIGAC1,0
CTCTACGTCTTGTTTG-1_SIGAF1,1
CGATCGGTCTACCAGA-1_SIGAH1,0
CTGATAGCAAGACGTG-1_SIGAF1,5
CATATGGTCAGCGATT-1_SIGAC1,11
ACTATCTAGCTAAACA-1_SIGAH1,7
ACTGTCCGTGCACCAC-1_SIGAD1,0
GAACGGATCCAACCAA-1_SIGAC1,1
TTGACTTTCGCCAGCA-1_SIGAF1,7
ATCATGGTCAGAGCTT-1_SIGAG1,2
AACTCAGCACAAGTAA-1_SIGAD1,0
CCACTACAGCAAATCA-1_SIGAH1,2
TAAGTGCGTGGCCCTA-1_SIGAG1,1
GCATGATCAAGGACAC-1_SIGAG1,4
GATTCAGGTCCTGCTT-1_SIGAF1,6
GCTGCTTAGAATAGGG-1_SIGAH1,3
CAGATCAAGAGGGATA-1_SIGAH1,10
CTACCCATCGAGCCCA-1_SIGAF1,9
AAGCCGCGTCGTGGCT-1_SIGAB1,1
CTACATTTCCACTCCA-1_SIGAD1,5
GGCAATTTCATCTGTT-1_SIGAH1,5
GCATGTAAGTCCGGTC-1_SIGAG1,1
ATTATCCTCCGTCATC-1_SIGAF1,5
CTTAGGAGTTAAGACA-1_SIGAH1,9
CTAGAGTGTTAGAACA-1_SIGAG1,5
CACTCCACACATCTTT-1_SIGAC1,1
CAGAGAGCATCACCCT-1_SIGAC1,0
ACTTGTTCATATGCTG-1_SIGAB1,4
ACGCAGCGTCTGATCA-1_SIGAF1,0
AACACGTAGAATGTTG-1_SIGAB1,0
CTCGAAAGTCGGCTCA-1_SIGAC1,0
TAAACCGAGCCCGAAA-1_SIGAF1,5
TAAGCGTCACAGTCGC-1_SIGAC1,0
TGCGCAGTCAGGCCCA-1_SIGAD1,1
CGCCAAGCATTGTGCA-1_SIGAG1,7
TTTGCGCCATACGCTA-1_SIGAC1,0
TATCTCAGTTATCCGA-1_SIGAB1,4
AAGGTTCTCGCATGAT-1_SIGAB1,3
AAGTCTGCACAACGTT-1_SIGAG1,2
TTGGAACAGTTGTAGA-1_SIGAC1,8
ATAACGCGTCTCATCC-1_SIGAC1,4
GCATACACAAACCTAC-1_SIGAF1,7
TACTCGCCAGCTCGAC-1_SIGAH1,9
GTCACAAAGCGTTCCG-1_SIGAD1,0
CCTTACGAGAAAGTGG-1_SIGAG1,10
TGCTACCCAATGAAAC-1_SIGAD1,0
CTTGGCTTCTGCGACG-1_SIGAF1,3
GTCGGGTTCCAGAGGA-1_SIGAG1,9
GCATGATCAGATTGCT-1_SIGAB1,4
TCTCATACATCCTAGA-1_SIGAG1,10
CAGCGACAGGATCGCA-1_SIGAG1,4
CGAGCACAGTCGCCGT-1_SIGAB1,3
CTAGAGTGTCTCTTAT-1_SIGAG1,6
GCGCAGTGTACTTAGC-1_SIGAH1,9
CCTTACGAGGCTATCT-1_SIGAH1,2
CGCGGTACAGGCGATA-1_SIGAF1,2
CCTAAAGAGTGGGTTG-1_SIGAB1,8
CCATTCGTCTAACGGT-1_SIGAG1,0
GTCCTCACAAGGACAC-1_SIGAG1,1
GCATGCGGTCGAATCT-1_SIGAF1,1
GATGAAAGTCCGAATT-1_SIGAG1,1
GGCAATTCACCAGGTC-1_SIGAD1,4
GTGTTAGAGATGTCGG-1_SIGAF1,1
TTTACTGTCGTCCAGG-1_SIGAB1,4
CTCGGAGTCGCGTAGC-1_SIGAF1,9
CCATGTCAGCTTTGGT-1_SIGAB1,10
GCATGCGAGCTCTCGG-1_SIGAG1,2
CTCTAATCATCAGTCA-1_SIGAG1,4
GTCAAGTAGCGCCTCA-1_SIGAC1,8
ACATACGAGCTGCGAA-1_SIGAD1,0
AAACCTGAGGATCGCA-1_SIGAF1,9
CTCGTCAAGCGATGAC-1_SIGAG1,2
CCCATACAGTGCAAGC-1_SIGAF1,9
TCTGAGATCTTCATGT-1_SIGAF1,10
AACTTTCGTCAGAATA-1_SIGAG1,7
TGACAACAGCTGCCCA-1_SIGAB1,4
CGCGGTACATTACGAC-1_SIGAC1,0
CCGTACTCACCTCGGA-1_SIGAB1,3
TCGCGAGTCTCTAAGG-1_SIGAB1,3
ACATCAGTCAGGCAAG-1_SIGAG1,9
CACCTTGGTAAAGGAG-1_SIGAH1,5
TGGCCAGCACACCGCA-1_SIGAH1,0
CGCTGGAAGGACCACA-1_SIGAD1,3
CCTAAAGAGAATAGGG-1_SIGAD1,0
GTGCAGCCAAAGGTGC-1_SIGAC1,0
CGAGAAGTCTTACCTA-1_SIGAG1,0
CAGCTGGTCTACTTAC-1_SIGAB1,11
CATCGGGTCCCTCTTT-1_SIGAD1,1
CTCGGAGTCAATAAGG-1_SIGAH1,3
AACACGTCATTAGGCT-1_SIGAF1,9
CCATTCGGTCTGGAGA-1_SIGAH1,2
GCATGCGAGCCGGTAA-1_SIGAD1,5
ACACCAAAGGGCACTA-1_SIGAF1,2
GTTACAGAGTGATCGG-1_SIGAD1,0
ACTGATGTCCATGAGT-1_SIGAC1,4
TAGCCGGCAAAGTCAA-1_SIGAD1,0
CGGAGTCAGCTGGAAC-1_SIGAB1,3
ATAGACCCAAGCGATG-1_SIGAF1,7
ATGAGGGGTCTGCCAG-1_SIGAB1,4
GTACTTTAGCTGCGAA-1_SIGAH1,2
TGCCCATCACATTTCT-1_SIGAH1,2
GATCGATAGATCACGG-1_SIGAH1,2
TCGGTAAAGGCGATAC-1_SIGAH1,7
GTCGGGTTCTACCAGA-1_SIGAF1,5
CTCCTAGTCACCTTAT-1_SIGAD1,11
GGACATTCACCACCAG-1_SIGAG1,9
AGCTTGAAGTGGACGT-1_SIGAH1,2
GGCTCGAAGTCTCGGC-1_SIGAG1,6
GTTCGGGGTTAAGATG-1_SIGAH1,6
AGAATAGGTATAAACG-1_SIGAF1,9
CTACCCAGTCGGCTCA-1_SIGAG1,0
AAGGAGCAGGGCTCTC-1_SIGAC1,11
ACATGGTGTTAGATGA-1_SIGAH1,6
GATCGATTCCTAAGTG-1_SIGAD1,7
GGGCACTTCCCTCAGT-1_SIGAC1,3
GGCGTGTGTGTGGCTC-1_SIGAD1,4
CATGACAAGCCAGAAC-1_SIGAG1,6
GGCGTGTCACGAAACG-1_SIGAB1,5
TGGACGCAGAGTGACC-1_SIGAD1,5
TATCTCAGTCCGAGTC-1_SIGAH1,7
CTCTACGCATGATCCA-1_SIGAF1,2
TCAGCTCAGAGACTTA-1_SIGAH1,9
CTCAGAACAGCCACCA-1_SIGAB1,0
CTCCTAGAGGTGCTTT-1_SIGAC1,0
GCACTCTCACAAGTAA-1_SIGAH1,1
ACTTACTGTACCGTTA-1_SIGAD1,0
GTCGGGTCACGTGAGA-1_SIGAB1,4
ACACCAAAGATCGATA-1_SIGAB1,4
AAAGTAGCAAGTAGTA-1_SIGAF1,1
AACTGGTAGCTCTCGG-1_SIGAG1,2
GGTGCGTTCTCGCTTG-1_SIGAG1,8
GATCGTACATCTGGTA-1_SIGAB1,0
GGACAGAAGTGCAAGC-1_SIGAH1,7
CTACACCAGACTAAGT-1_SIGAB1,0
TTTGTCAGTTGTACAC-1_SIGAG1,0
CCTCTGAGTCTCTCGT-1_SIGAB1,4
CACATAGGTCCGCTGA-1_SIGAH1,3
CCTCTGACACTACAGT-1_SIGAB1,4
ACGAGGATCAAACCAC-1_SIGAG1,10
TGAGCATTCTTTACAC-1_SIGAB1,0
CCTCAGTAGTGTGAAT-1_SIGAB1,10
TACGGGCAGGCTACGA-1_SIGAC1,0
CCACGGATCCTTTACA-1_SIGAB1,5
ATCCACCTCTAGAGTC-1_SIGAF1,7
ATGAGGGGTCCAACTA-1_SIGAD1,8
AGGGTGAAGGGAGTAA-1_SIGAF1,6
TTTCCTCTCCAGTATG-1_SIGAH1,9
CGTAGGCCATAGAAAC-1_SIGAF1,4
GAACCTACAGTGACAG-1_SIGAF1,4
GCGACCATCCGCATCT-1_SIGAC1,8
TACCTTATCAGTGCAT-1_SIGAB1,4
AACCGCGGTAACGACG-1_SIGAG1,6
AGCATACTCTGCTGCT-1_SIGAF1,7
CACATTTCATGTCCTC-1_SIGAF1,0
TCAGGATTCCCGACTT-1_SIGAC1,0
TGAGAGGTCGGATGTT-1_SIGAG1,2
CCGTTCATCAAGAAGT-1_SIGAF1,1
GACGTGCTCAGGCCCA-1_SIGAB1,1
GTCTTCGGTTCCATGA-1_SIGAH1,7
GACTACAGTAGATTAG-1_SIGAH1,2
ACACCCTCATGCAATC-1_SIGAB1,8
CTGCCTAAGGGCTTCC-1_SIGAH1,1
GATCTAGAGTCATCCA-1_SIGAB1,0
CGAGCCAAGGGTGTTG-1_SIGAG1,9
GCGCCAAGTACGACCC-1_SIGAH1,2
TGGCTGGGTACAAGTA-1_SIGAG1,2
CGCTGGACAGGTGCCT-1_SIGAD1,6
TACTTACAGGACTGGT-1_SIGAC1,11
GCGGGTTGTATTCTCT-1_SIGAD1,0
TTTATGCTCCTCTAGC-1_SIGAF1,10
GGATTACAGCGTTTAC-1_SIGAH1,2
ACTTTCAAGCCCAACC-1_SIGAH1,3
GACACGCAGATCACGG-1_SIGAG1,2
CTCTAATCATCGGTTA-1_SIGAH1,6
CATCCACAGTTCGCAT-1_SIGAD1,0
GGACGTCGTATATGAG-1_SIGAC1,1
GAATGAAGTAAAGGAG-1_SIGAF1,5
ATCTACTGTCAGCTAT-1_SIGAF1,7
ATAACGCTCTGGTGTA-1_SIGAG1,0
CGAACATCACACCGCA-1_SIGAF1,7
CAAGATCTCAGAGGTG-1_SIGAH1,5
GTGGGTCGTAAGGGAA-1_SIGAB1,1
GGTGTTAAGCTGAAAT-1_SIGAC1,5
TGGCGCAGTAGCGTAG-1_SIGAB1,5
CGTTCTGAGCGATAGC-1_SIGAH1,10
CAGCTAAAGGCGACAT-1_SIGAG1,2
ACGGAGAAGGCTATCT-1_SIGAC1,0
CAAGTTGGTCCCGACA-1_SIGAB1,3
ATTGGTGCAAGTTCTG-1_SIGAC1,1
CTAGCCTGTGCAACTT-1_SIGAC1,4
AGTCTTTCACTAGTAC-1_SIGAG1,10
CAGTCCTGTAGAAAGG-1_SIGAF1,10
TTGGAACAGGAGTTTA-1_SIGAH1,3
TTTGCGCAGTGTACCT-1_SIGAD1,0
AACTTTCTCCGTAGTA-1_SIGAG1,7
GCATGTACATAGACTC-1_SIGAB1,1
CGTCCATAGTGTTTGC-1_SIGAD1,0
AACTGGTAGCAGCCTC-1_SIGAB1,4
TCAGCAAAGTTTCCTT-1_SIGAF1,2
GCTGCAGAGGAGCGTT-1_SIGAG1,6
GACGTTACACCACCAG-1_SIGAG1,7
ACGTCAACACAGCGTC-1_SIGAC1,3
GAAACTCCAATCTACG-1_SIGAH1,0
TCCCGATCATCGATTG-1_SIGAC1,6
ATGGGAGAGCACCGCT-1_SIGAH1,3
GGACGTCGTCTGATCA-1_SIGAH1,5
CGAGAAGAGGCCATAG-1_SIGAG1,6
AATCCAGGTTAGAACA-1_SIGAF1,0
TTGAACGTCCTTGACC-1_SIGAC1,4
ATGAGGGCAATACGCT-1_SIGAD1,11
TGGACGCAGGTGCAAC-1_SIGAC1,0
GTTCGGGTCTTGGGTA-1_SIGAG1,6
GTAGTCAGTTATTCTC-1_SIGAG1,7
TTCCCAGGTCATGCCG-1_SIGAG1,2
CGGAGTCTCTTGCCGT-1_SIGAC1,0
TGTTCCGAGAACTGTA-1_SIGAH1,7
GGCCGATTCTGCTGCT-1_SIGAD1,3
TACTCATCAAAGTGCG-1_SIGAD1,1
CTTAACTCACGCGAAA-1_SIGAD1,3
TTGTAGGTCATAAAGG-1_SIGAB1,1
CCCAATCGTCCAGTTA-1_SIGAC1,4
CTTCTCTGTCTGCCAG-1_SIGAD1,3
AAGCCGCAGTGCCAGA-1_SIGAC1,1
AACCGCGAGCACCGCT-1_SIGAH1,1
ATTATCCAGAGGTACC-1_SIGAD1,5
CGATGTATCACCGTAA-1_SIGAB1,0
TATGCCCAGAGACGAA-1_SIGAD1,0
CAGCCGACATCAGTCA-1_SIGAC1,10
CATATTCGTCGCATCG-1_SIGAC1,0
CGAGCACTCTTACCGC-1_SIGAF1,1
ATTGGACTCTCAACTT-1_SIGAB1,4
TTGCGTCTCCTCTAGC-1_SIGAB1,11
TGCCAAAGTCTGGAGA-1_SIGAC1,0
TTGGAACAGCCACGCT-1_SIGAC1,10
CAGCATAAGGAGTTTA-1_SIGAH1,3
CCATTCGTCCTTGACC-1_SIGAG1,3
TCTATTGCAATGGATA-1_SIGAB1,3
CAGTAACGTTCTCATT-1_SIGAC1,8
AAAGCAAAGCAATCTC-1_SIGAD1,0
CTGATAGGTATTCTCT-1_SIGAF1,1
AAGGTTCGTGAAGGCT-1_SIGAG1,2
GACGCGTTCGCCATAA-1_SIGAD1,3
CAACTAGTCACAATGC-1_SIGAB1,0
TGGACGCTCGGCGCTA-1_SIGAF1,3
CAGCATATCCTCCTAG-1_SIGAH1,3
CACAGTAGTTGCGTTA-1_SIGAC1,3
CGGAGTCGTGAGGGAG-1_SIGAB1,5
AGACGTTAGGCAATTA-1_SIGAG1,6
GTACTTTGTCACTTCC-1_SIGAF1,2
AAACCTGAGGCAGGTT-1_SIGAB1,11
TTGCCGTGTAATCGTC-1_SIGAG1,7
GATGCTATCTTAGAGC-1_SIGAD1,0
ATTGGACCAGGAATCG-1_SIGAG1,6
GAACGGAGTGGTTTCA-1_SIGAH1,1
CACCAGGGTTGCGCAC-1_SIGAG1,5
TCAGGATAGTGTTAGA-1_SIGAG1,4
GGATGTTTCTGGGCCA-1_SIGAB1,11
GGATTACGTCTGCAAT-1_SIGAF1,1
TGAGGGACATCAGTCA-1_SIGAB1,0
GGGAATGTCGGCTTGG-1_SIGAH1,8
GCGGGTTCATGGATGG-1_SIGAD1,0
GGCTGGTCATAGTAAG-1_SIGAC1,8
CGAACATCATAAGACA-1_SIGAG1,5
GTACTTTAGATGCCTT-1_SIGAH1,3
CATCCACAGCACGCCT-1_SIGAC1,0
CTGATCCCACAGGTTT-1_SIGAH1,7
CACCTTGCATTTCACT-1_SIGAC1,0
GAGGTGAGTTCCATGA-1_SIGAC1,8
TTCGGTCTCGGACAAG-1_SIGAD1,1
GGAACTTGTAGAGTGC-1_SIGAB1,4
CTGATAGAGGGTTCCC-1_SIGAD1,10
CTTAACTAGGGCATGT-1_SIGAD1,0
TACGGGCAGTCAAGCG-1_SIGAB1,6
CGGAGTCTCCCAGGTG-1_SIGAH1,2
AGGTCATAGTCATGCT-1_SIGAD1,10
AGCGGTCTCGTTTAGG-1_SIGAH1,9
CTGTTTATCTAACGGT-1_SIGAG1,9
CTACATTAGACCTTTG-1_SIGAD1,4
CAGGTGCCACGTAAGG-1_SIGAH1,6
CTCGTACAGCTTCGCG-1_SIGAH1,2
TGGACGCCAATAACGA-1_SIGAC1,3
AAAGCAAAGCTAAACA-1_SIGAC1,3
ATCTGCCTCATGTCTT-1_SIGAH1,9
AAGGCAGGTAAGGGAA-1_SIGAC1,0
TCCCGATCATCTCCCA-1_SIGAB1,11
TCTTCGGCACGTAAGG-1_SIGAG1,2
GACTAACAGCAATATG-1_SIGAB1,0
AACCATGGTGTCAATC-1_SIGAF1,6
AAAGTAGCACCCATTC-1_SIGAF1,2
CGATTGAAGAGTGAGA-1_SIGAH1,9
CTACATTCAAAGTGCG-1_SIGAC1,11
TTGCCGTGTGGTCTCG-1_SIGAB1,3
CTGATAGTCGTTACAG-1_SIGAH1,9
TTATGCTGTGCGATAG-1_SIGAF1,8
ACACCAACAACAACCT-1_SIGAD1,5
CCAATCCGTAAGTGTA-1_SIGAG1,6
ATTGGACCAAGCGCTC-1_SIGAF1,6
ACTATCTAGTGTGGCA-1_SIGAB1,4
TCTCATAGTCAGTGGA-1_SIGAD1,7
GATCTAGCAGCATGAG-1_SIGAC1,0
GCACATATCAGGATCT-1_SIGAB1,8
GCACTCTTCTTAGCCC-1_SIGAG1,2
CGATCGGCAATGACCT-1_SIGAH1,0
AAAGTAGGTGGGTATG-1_SIGAD1,0
AGTGAGGCAGCTATTG-1_SIGAG1,7
ACGATGTTCGGCGGTT-1_SIGAG1,2
ATTCTACAGATGTAAC-1_SIGAH1,2
CGGACTGTCCATGAAC-1_SIGAD1,11
CACAGGCCATCGACGC-1_SIGAB1,8
CGTTGGGGTAAGGATT-1_SIGAD1,1
CAGTCCTGTTGTCTTT-1_SIGAG1,8
AACTGGTCACGAAAGC-1_SIGAH1,7
CGATGGCCAGCCAGAA-1_SIGAB1,10
ATCTGCCTCTCGCTTG-1_SIGAD1,0
AGCCTAAGTAGATTAG-1_SIGAB1,3
GCATGCGGTCTTCTCG-1_SIGAD1,1
TGAGGGATCTTCGGTC-1_SIGAF1,3
TCTATTGGTAGGCATG-1_SIGAF1,3
GGGACCTAGGACAGAA-1_SIGAD1,1
ACTGAACTCAGGCAAG-1_SIGAH1,2
TGCCAAATCCATGAGT-1_SIGAC1,11
CAGTCCTCAGACAGGT-1_SIGAF1,2
CTGTTTAAGCCGTCGT-1_SIGAC1,0
GGTATTGTCACCTCGT-1_SIGAB1,3
CGACTTCCAAGCTGGA-1_SIGAF1,1
ACAGCTATCTGTACGA-1_SIGAF1,0
TGATTTCAGCCATCGC-1_SIGAB1,0
GCGGGTTTCGCGTAGC-1_SIGAH1,1
ACACCCTGTGTAATGA-1_SIGAB1,8
GATCTAGTCTGTTGAG-1_SIGAC1,6
CTCGAGGCAGCTCGAC-1_SIGAF1,1
CCATGTCAGTGTGAAT-1_SIGAB1,0
CACCACTTCGCATGGC-1_SIGAH1,7
ACATGGTCAGTATAAG-1_SIGAB1,0
CGAACATTCCCGACTT-1_SIGAC1,3
GGGTTGCTCGTCACGG-1_SIGAD1,4
GAACCTATCCGCTGTT-1_SIGAC1,0
TCTATTGTCGAACTGT-1_SIGAB1,4
CTCGAGGCACCTCGTT-1_SIGAF1,6
GTCACGGTCAATACCG-1_SIGAH1,3
GGACAAGCATAGACTC-1_SIGAD1,3
CAGCTAATCGCACTCT-1_SIGAC1,0
CGAATGTCATGCAACT-1_SIGAH1,10
CGTTAGACATGCAACT-1_SIGAD1,0
ACTGAACGTATTAGCC-1_SIGAH1,5
TTTCCTCTCTAACTTC-1_SIGAC1,5
CAGCATAGTGAGTATA-1_SIGAD1,1
CCACCTAAGCGTCTAT-1_SIGAC1,0
GACTAACGTTGGTGGA-1_SIGAD1,4
TGTTCCGTCAGCGACC-1_SIGAD1,3
ACGCCAGGTACTTGAC-1_SIGAF1,5
AAACGGGTCTGCTGCT-1_SIGAC1,0
AAACCTGAGAGTACCG-1_SIGAF1,4
CATTCGCTCTACTCAT-1_SIGAG1,0
ACGAGGAAGGTCGGAT-1_SIGAG1,1
TAGAGCTCAAGTAGTA-1_SIGAB1,11
CTTCTCTGTTCCGTCT-1_SIGAH1,6
TATCAGGGTAAGAGGA-1_SIGAH1,1
AGTGAGGGTTGCCTCT-1_SIGAD1,1
CTTGGCTCACTCAGGC-1_SIGAD1,0
CGCCAAGAGTTTCCTT-1_SIGAB1,4
CGTGTCTAGTGACATA-1_SIGAF1,6
CTCTACGGTTGGACCC-1_SIGAB1,0
GGAAAGCCATCGATTG-1_SIGAD1,5
CCAGCGATCGTCGTTC-1_SIGAD1,0
TTTACTGCAGCCAATT-1_SIGAC1,9
CTAGTGACAAGACGTG-1_SIGAC1,4
GGAAAGCTCCCACTTG-1_SIGAG1,6
AGGCCGTCACCAGGCT-1_SIGAF1,8
GTCGTAACAAGGACTG-1_SIGAF1,2
TCCACACCAAGCTGTT-1_SIGAD1,1
ATTATCCGTAATTGGA-1_SIGAF1,7
ATGTGTGTCTCCCTGA-1_SIGAD1,5
GTCAAGTGTCAGGACA-1_SIGAD1,0
CGTCTACTCAGCTCTC-1_SIGAD1,1
CGTAGGCCACATTCGA-1_SIGAH1,6
GGGATGATCATTGCGA-1_SIGAH1,6
TTGCGTCGTCATCCCT-1_SIGAB1,1
GCTTGAACACAACGCC-1_SIGAF1,1
CAGCAGCCATAAGACA-1_SIGAF1,1
GTTCTCGGTTCCATGA-1_SIGAC1,0
CGGCTAGAGAGTACAT-1_SIGAB1,3
TTCTCAAGTAAATACG-1_SIGAF1,7
GTGTTAGTCAACGGGA-1_SIGAG1,1
CTAAGACAGAAACCGC-1_SIGAH1,2
AACCGCGCATTGCGGC-1_SIGAC1,5
AGCGTCGAGCTCTCGG-1_SIGAC1,11
GCGGGTTGTGACCAAG-1_SIGAB1,0
CGCTTCAAGGACACCA-1_SIGAG1,1
CAGGTGCTCACCGGGT-1_SIGAH1,5
ATAGACCGTAGCGTCC-1_SIGAD1,5
CGTTAGAGTAATCACC-1_SIGAB1,0
GAAGCAGTCCTACAGA-1_SIGAD1,0
CAGAATCAGTCGAGTG-1_SIGAD1,0
GTACTCCCAGGTGCCT-1_SIGAF1,6
TCCACACTCGACAGCC-1_SIGAB1,0
ATCATGGAGGAGTACC-1_SIGAB1,8
AGTAGTCTCTATCCTA-1_SIGAH1,7
CCTATTAGTCGAAAGC-1_SIGAC1,1
TCTGAGAGTCCGTGAC-1_SIGAC1,1
GGATGTTGTAAGTGGC-1_SIGAG1,1
CGGGTCAAGTGTTGAA-1_SIGAD1,8
GGGAGATGTTACCGAT-1_SIGAG1,2
GCGCCAAAGCCCGAAA-1_SIGAB1,0
CGGACACGTAAACACA-1_SIGAB1,4
GATCTAGCAAGCCTAT-1_SIGAG1,5
GAACGGAGTCTAAACC-1_SIGAC1,11
ACTATCTAGGCCATAG-1_SIGAB1,3
ATGGGAGTCCTGTACC-1_SIGAF1,1
TACCTATCACGGCTAC-1_SIGAB1,0
TCTATTGCAGCCTATA-1_SIGAD1,0
GGTGTTACAGACAAGC-1_SIGAG1,2
TGCGTGGTCTGCCCTA-1_SIGAD1,0
AAGGCAGGTGCCTGGT-1_SIGAH1,1
GTGTTAGTCGCGATCG-1_SIGAC1,1
CATCGGGGTAAGGATT-1_SIGAB1,8
TGCCCTACAGGATCGA-1_SIGAD1,8
GTTAAGCCACACCGAC-1_SIGAH1,6
CAGTCCTAGTGAACGC-1_SIGAD1,5
GATCAGTCATTAGGCT-1_SIGAH1,2
GTGCGGTTCTCTGTCG-1_SIGAF1,7
TGCGTGGAGGTGTTAA-1_SIGAG1,3
CTCGTCACACGGTAAG-1_SIGAB1,10
GCTCTGTCACTTACGA-1_SIGAD1,0
TATCTCAAGCAGGCTA-1_SIGAD1,11
TAGACCAGTCACTTCC-1_SIGAC1,11
TCAGATGAGCCCTAAT-1_SIGAC1,4
GGAACTTGTATAAACG-1_SIGAB1,3
TACTTACTCTCACATT-1_SIGAB1,4
CGGCTAGGTTTGTTTC-1_SIGAH1,5
GAATGAACAAGGCTCC-1_SIGAH1,5
CATTCGCTCCCAACGG-1_SIGAG1,10
GTGAAGGGTACGACCC-1_SIGAH1,2
CTGTTTATCGTCCGTT-1_SIGAF1,7
TTGACTTAGCCCAGCT-1_SIGAB1,0
TCGCGAGAGGATGGAA-1_SIGAF1,2
GGATTACAGTGCCAGA-1_SIGAF1,6
TACACGACAAGTAATG-1_SIGAH1,1
GGTGAAGCAGGAACGT-1_SIGAB1,8
GGGCACTGTGCCTGCA-1_SIGAC1,5
AGCTCTCCATTATCTC-1_SIGAF1,2
TACACGATCCACGAAT-1_SIGAB1,0
TGCTACCGTACCATCA-1_SIGAG1,4
CAGATCAGTCGGATCC-1_SIGAC1,0
GATCGCGGTATTCGTG-1_SIGAG1,6
GGGTCTGTCATCACCC-1_SIGAH1,0
CTACGTCGTGCGCTTG-1_SIGAC1,3
TCTTTCCCAAGTTAAG-1_SIGAG1,9
ATTCTACGTTTGTTGG-1_SIGAC1,10
ACTTTCAGTCGAATCT-1_SIGAD1,1
TATTACCAGCGCTTAT-1_SIGAC1,3
AGTCTTTTCAAACGGG-1_SIGAB1,6
GATTCAGCACCCAGTG-1_SIGAB1,3
ATGAGGGCAATGAAAC-1_SIGAC1,0
AAAGATGTCAAAGACA-1_SIGAG1,5
CCTTCGATCGTGGTCG-1_SIGAF1,5
GATCAGTGTCCGTGAC-1_SIGAF1,5
GCTGCGAAGGACCACA-1_SIGAH1,9
GTAACTGTCGGCGCAT-1_SIGAC1,0
TTCTCCTAGTCTTGCA-1_SIGAF1,10
GAGTCCGTCACCAGGC-1_SIGAG1,0
GTCGTAAAGTGAAGTT-1_SIGAB1,10
GAACATCAGGCACATG-1_SIGAD1,5
ATAACGCAGGTAGCTG-1_SIGAH1,7
CTTGGCTGTTAAGTAG-1_SIGAC1,6
CTCGGGACAAGTTGTC-1_SIGAB1,8
AGTGAGGGTCCGTTAA-1_SIGAC1,8
GCATGATTCACCTCGT-1_SIGAH1,4
ACTGCTCCAAGCGAGT-1_SIGAH1,0
ACGATGTCAAGTCATC-1_SIGAH1,8
GAACATCTCTTTAGTC-1_SIGAC1,0
GCCAAATCACCCTATC-1_SIGAD1,0
GCAAACTAGGTGACCA-1_SIGAD1,6
TTCCCAGCATACAGCT-1_SIGAB1,0
CTCGAAAGTCTAGTGT-1_SIGAD1,1
GCAGTTATCCTATGTT-1_SIGAH1,11
CGGCTAGGTCAATGTC-1_SIGAC1,0
TACGGTAGTGTGACGA-1_SIGAC1,0
TGGCCAGAGGCTCATT-1_SIGAF1,1
CTCAGAAGTGTAAGTA-1_SIGAB1,11
GACTACAGTCCGCTGA-1_SIGAH1,2
GACACGCTCATCTGCC-1_SIGAC1,10
CGAATGTCAATACGCT-1_SIGAD1,0
ACTGAACAGCGCTTAT-1_SIGAC1,0
GCACATACATGACATC-1_SIGAB1,1
CACCACTAGAGTCTGG-1_SIGAF1,6
TAAACCGTCGGATGTT-1_SIGAF1,9
CTGCGGACATCGTCGG-1_SIGAH1,4
TGTGGTAGTATGAAAC-1_SIGAF1,2
CCAGCGATCGTTTGCC-1_SIGAC1,0
ACGGGTCCAGGTGGAT-1_SIGAC1,3
CCTTACGGTGAGGGTT-1_SIGAF1,7
CGATGGCCACGAAGCA-1_SIGAD1,4
CTCCTAGAGCTACCGC-1_SIGAC1,11
TAGTTGGAGCCATCGC-1_SIGAG1,8
GAAATGAAGACCCACC-1_SIGAG1,2
GGGAATGGTCCCTACT-1_SIGAH1,9
CAGGTGCTCCCTTGCA-1_SIGAB1,6
TTTCCTCTCTTCGGTC-1_SIGAB1,11
GAGTCCGAGGAACTGC-1_SIGAF1,2
GATCGTAAGACCACGA-1_SIGAF1,2
ACTGTCCTCCGTAGGC-1_SIGAH1,2
AGCCTAAGTAAGTGTA-1_SIGAB1,11
GGAACTTGTCGACTAT-1_SIGAF1,10
TGCTACCAGCGTGAGT-1_SIGAG1,9
TGTATTCAGGGCTTCC-1_SIGAG1,9
GCGCAACTCCGTAGTA-1_SIGAH1,2
TTCTTAGAGCGATATA-1_SIGAG1,3
CCTAAAGCAGGTCGTC-1_SIGAF1,9
GTGTTAGGTGATGATA-1_SIGAB1,4
CAAGTTGGTGACTACT-1_SIGAF1,2
CAGATCAAGAGTCGGT-1_SIGAC1,5
GCATGCGTCATCGATG-1_SIGAC1,1
GATCTAGTCGTAGGAG-1_SIGAC1,11
AAATGCCGTTTGTTTC-1_SIGAB1,3
CTAGAGTTCTGCCCTA-1_SIGAG1,1
CTCGAGGTCATGCTCC-1_SIGAH1,8
ACTATCTCACCAGGTC-1_SIGAB1,0
CTGATAGCAGGCTCAC-1_SIGAG1,2
TCAACGAAGCAGCCTC-1_SIGAB1,1
CATCGAACAACTGCGC-1_SIGAF1,1
CTGTGCTCAATCCAAC-1_SIGAH1,0
GATCTAGGTGCACCAC-1_SIGAG1,8
ATTATCCGTTCTCATT-1_SIGAH1,7
AAACGGGCACCCAGTG-1_SIGAB1,5
TATGCCCCAATGTAAG-1_SIGAF1,1
AGCATACCATGATCCA-1_SIGAB1,5
CAGCTAACATAGAAAC-1_SIGAG1,7
CTTCTCTTCTGACCTC-1_SIGAF1,2
GATCGATTCCTTGCCA-1_SIGAB1,1
TGTGTTTAGCTGCAAG-1_SIGAB1,3
TACTCGCAGGTAGCTG-1_SIGAD1,1
GCGCAACCATTTGCTT-1_SIGAC1,1
GCAGCCACACCGGAAA-1_SIGAH1,1
TGATTTCAGATAGGAG-1_SIGAC1,5
CTCCTAGAGCAGCGTA-1_SIGAC1,0
CCAGCGACATTGGCGC-1_SIGAG1,7
CCTTCCCCACGCCAGT-1_SIGAB1,10
ATCGAGTTCGGCTACG-1_SIGAG1,2
ACACTGAGTATATGGA-1_SIGAH1,2
GCCTCTACAGATGGCA-1_SIGAB1,11
TAGACCAAGTCTCGGC-1_SIGAC1,3
CACACAAAGATTACCC-1_SIGAC1,0
CATCAGATCCTTGCCA-1_SIGAB1,11
CGACCTTGTCGCATAT-1_SIGAC1,4
CCTAAAGAGCAGCCTC-1_SIGAC1,3
CTCATTAGTCTAACGT-1_SIGAG1,5
CGTGTCTAGTCCGTAT-1_SIGAD1,1
AACACGTGTTAAGACA-1_SIGAB1,0
TCATTTGAGATCTGCT-1_SIGAC1,1
TCACAAGAGTGACTCT-1_SIGAC1,10
CAGAGAGGTTTGTTTC-1_SIGAB1,1
ACGAGGACACAACGCC-1_SIGAD1,3
ACACCGGCAAGCCGCT-1_SIGAG1,3
CATGACACAACACCTA-1_SIGAH1,6
CGACCTTTCCCTCAGT-1_SIGAB1,0
AGTGAGGCAGACGCCT-1_SIGAC1,2
CGTCAGGGTTGTGGCC-1_SIGAD1,5
GATCTAGAGCGAGAAA-1_SIGAD1,10
AGGTCCGCATCTATGG-1_SIGAC1,1
AACTCCCAGTGCGTGA-1_SIGAG1,2
TGGTTCCCATTGGTAC-1_SIGAD1,4
ACAGCTACAGCGATCC-1_SIGAF1,2
CCCATACGTGACTCAT-1_SIGAB1,0
GCGCGATCAGCCTATA-1_SIGAC1,8
GTCGGGTGTGTCCTCT-1_SIGAF1,3
ATCCACCAGACCCACC-1_SIGAH1,9
GGGATGACAGGATCGA-1_SIGAF1,6
GCATACAGTATTAGCC-1_SIGAC1,3
ACGGCCACATCAGTAC-1_SIGAC1,1
GTACGTAGTAATCGTC-1_SIGAF1,1
GTCACAACATCTACGA-1_SIGAF1,4
ACTGATGTCATAGCAC-1_SIGAD1,6
TGAGCATAGGTACTCT-1_SIGAF1,10
ACGATGTAGATGTGGC-1_SIGAB1,4
TACAGTGCACCCATGG-1_SIGAC1,0
AGAGTGGAGTTCGATC-1_SIGAD1,1
AAAGATGCACCAGGCT-1_SIGAC1,0
CCTACACGTAGCGTCC-1_SIGAC1,0
CGTAGGCGTTCAGTAC-1_SIGAG1,9
AGGTCCGGTCCAGTTA-1_SIGAD1,8
GGAATAAGTAGCGCAA-1_SIGAH1,1
CACTCCAGTTCTGGTA-1_SIGAD1,4
ACACTGATCGCCGTGA-1_SIGAF1,9
ATGGGAGCACGGCTAC-1_SIGAF1,6
ACACTGAAGATCGATA-1_SIGAD1,1
TGCCCTAAGTGTTAGA-1_SIGAG1,2
CAGCGACCATCCGTGG-1_SIGAD1,0
CCTTTCTCATTGGGCC-1_SIGAC1,4
AAAGCAACAATGGAGC-1_SIGAB1,3
GCTGGGTGTTCTGTTT-1_SIGAC1,10
GGACAGAGTCGCTTTC-1_SIGAB1,8
TCGTACCAGGATTCGG-1_SIGAB1,4
TAGTTGGGTACAGCAG-1_SIGAB1,0
CACACAACAAGGGTCA-1_SIGAD1,3
GTAGGCCCATGGGACA-1_SIGAF1,4
GCATGATAGGCAGGTT-1_SIGAB1,0
AGCGTCGTCAACACTG-1_SIGAG1,2
CTGAAGTGTGGCGAAT-1_SIGAF1,10
CTGCTGTTCTCAACTT-1_SIGAH1,2
CAAGGCCGTAGCGTCC-1_SIGAG1,2
AACTCAGTCCACTGGG-1_SIGAC1,0
TGCCCTAAGCCACTAT-1_SIGAC1,10
TTCTTAGGTAACGACG-1_SIGAG1,7
TGACAACGTAGGCATG-1_SIGAD1,0
TTGCCGTTCAAACGGG-1_SIGAH1,9
TAAGCGTTCCTTTCTC-1_SIGAB1,0
AAAGTAGAGCAACGGT-1_SIGAC1,8
AGTCTTTAGTACGACG-1_SIGAF1,9
TACGGATGTTATGTGC-1_SIGAD1,5
CGGACTGGTGAGGGTT-1_SIGAG1,5
AGATCTGCAGACGCAA-1_SIGAC1,8
AGGTCATCAGATCTGT-1_SIGAG1,10
GCACATAGTTGAGTTC-1_SIGAG1,11
TGAGAGGCAGTCGTGC-1_SIGAD1,1
GATCGCGAGATTACCC-1_SIGAG1,0
GTCAAGTAGTACGCGA-1_SIGAC1,11
TTCCCAGGTACATGTC-1_SIGAC1,0
TCGAGGCTCAAGAAGT-1_SIGAG1,5
CGCGGTACACCATGTA-1_SIGAF1,1
TTCTCAAGTTCCACAA-1_SIGAB1,3
ATTACTCCACCGCTAG-1_SIGAH1,0
AGTCTTTTCACGACTA-1_SIGAB1,0
ACTGAACCACATTCGA-1_SIGAC1,3
CACTCCATCACCCTCA-1_SIGAF1,2
CAGTAACTCCATTCTA-1_SIGAG1,2
CTCGTCATCGGAGGTA-1_SIGAD1,1
TAGGCATTCCCATTTA-1_SIGAH1,1
GCACATAGTTCCAACA-1_SIGAB1,10
CTCTAATAGTACTTGC-1_SIGAD1,1
ACGATGTTCATCTGTT-1_SIGAD1,1
CGTTCTGGTCAGCTAT-1_SIGAB1,0
AGCTTGAAGGGCTCTC-1_SIGAD1,3
CCACTACGTAAGGATT-1_SIGAD1,3
TATCTCAAGGCAGGTT-1_SIGAB1,0
CTACGTCCATTACCTT-1_SIGAB1,3
TACACGAGTGGGTCAA-1_SIGAC1,5
TTGCGTCCAACTTGAC-1_SIGAG1,1
TTCGGTCCATTGGGCC-1_SIGAF1,8
CTAACTTTCCAGGGCT-1_SIGAD1,0
GGCGACTGTCAGAATA-1_SIGAG1,1
GTCCTCAAGACAAAGG-1_SIGAG1,1
AGCGTCGGTCTAGTGT-1_SIGAB1,0
GATTCAGAGCAGGCTA-1_SIGAB1,0
TAGTTGGCAGGACGTA-1_SIGAD1,1
GCATGATAGTATCGAA-1_SIGAF1,7
CCTCTGATCAGTTTGG-1_SIGAD1,0
TGACTAGGTAGCGATG-1_SIGAH1,7
AGATTGCTCCTTAATC-1_SIGAH1,5
CTAGCCTAGATGCGAC-1_SIGAG1,6
TGACTTTTCAATCTCT-1_SIGAG1,2
CTAGAGTTCGGAATCT-1_SIGAG1,2
GAATAAGGTAGCGATG-1_SIGAH1,2
CACAAACGTCCTCTTG-1_SIGAC1,0
GGACGTCAGCGTTCCG-1_SIGAH1,9
AACACGTAGCGAGAAA-1_SIGAF1,4
CTCAGAATCGTGGACC-1_SIGAG1,2
GACAGAGAGAGGTACC-1_SIGAH1,7
GCTGGGTAGTCGCCGT-1_SIGAG1,2
CAGCAGCTCCAAACTG-1_SIGAF1,8
AGGTCCGTCACTCTTA-1_SIGAB1,0
CGGGTCAAGTGCGTGA-1_SIGAG1,5
AGGTCATAGGTCATCT-1_SIGAG1,1
GCATACAGTAATCGTC-1_SIGAD1,0
GACCAATAGACCTTTG-1_SIGAG1,10
CCTAGCTGTTCCGTCT-1_SIGAH1,0
AAAGATGAGGCCCTTG-1_SIGAD1,6
GTGTGCGTCCATGAGT-1_SIGAH1,3
CTCCTAGCAGTATAAG-1_SIGAD1,1
AAGTCTGGTATTACCG-1_SIGAF1,6
GGCGACTAGAGTGACC-1_SIGAH1,3
CGTGAGCGTCTTTCAT-1_SIGAH1,6
CCTTACGGTGTGACCC-1_SIGAF1,1
GCTGCTTGTTGCCTCT-1_SIGAG1,3
CGAGAAGGTGTGACCC-1_SIGAB1,5
GTTCATTAGTCAAGGC-1_SIGAG1,11
GAATAAGAGAAACGCC-1_SIGAG1,4
CGCTTCAAGCCGGTAA-1_SIGAD1,4
CGTTGGGCATCTATGG-1_SIGAB1,0
CTACATTTCCCTTGCA-1_SIGAG1,0
CAACCAAAGTTGCAGG-1_SIGAB1,10
GTGCTTCGTGACGGTA-1_SIGAB1,0
ACGCCAGCACATCCAA-1_SIGAH1,1
ACGAGCCCATGGGAAC-1_SIGAG1,2
CCTCTGAGTCGGCACT-1_SIGAH1,7
CCGGTAGCAAGGACTG-1_SIGAF1,1
AGCAGCCGTCTCGTTC-1_SIGAD1,0
TGACTAGCAATCCGAT-1_SIGAB1,5
TGAGCATCAAGTACCT-1_SIGAF1,0
TAGTTGGAGGGATCTG-1_SIGAB1,3
TGTGGTACAGCCTTGG-1_SIGAF1,6
AGATTGCGTACTTAGC-1_SIGAC1,3
CACCAGGAGAAACGCC-1_SIGAC1,1
AACTCCCGTGTGGCTC-1_SIGAB1,0
ATCACGATCTGCCCTA-1_SIGAC1,0
TACGGGCTCCGAATGT-1_SIGAC1,1
ACAGCTACAATGAAAC-1_SIGAC1,0
TATCAGGCAGTTCCCT-1_SIGAG1,0
CGGAGCTGTAGCGATG-1_SIGAF1,5
TTGCGTCGTTCCGGCA-1_SIGAB1,1
TATCAGGCAAGCGATG-1_SIGAC1,10
GCTGGGTGTTTAAGCC-1_SIGAC1,4
GTCTCGTGTTAGATGA-1_SIGAF1,6
CGCTATCGTCGGATCC-1_SIGAC1,5
GCACATAAGACAGGCT-1_SIGAC1,10
GCGCAACGTCTTCGTC-1_SIGAC1,3
CCACTACAGAGTCGGT-1_SIGAG1,6
TGACTAGAGCCCTAAT-1_SIGAH1,7
GATGAGGAGGAGTTTA-1_SIGAF1,6
CTCGTCAGTGCGAAAC-1_SIGAD1,8
CGTCCATGTGCAGACA-1_SIGAB1,0
CTTACCGGTACAGTTC-1_SIGAC1,0
AGTCTTTTCCGCAAGC-1_SIGAD1,1
GGTGCGTCAAGGTGTG-1_SIGAH1,0
CGTCAGGTCTCCTATA-1_SIGAF1,8
GATCAGTTCGACCAGC-1_SIGAH1,6
TGGCTGGTCAATCACG-1_SIGAF1,2
TTAGGACTCGTACGGC-1_SIGAG1,2
TGGTTAGCAAGACGTG-1_SIGAH1,6
GAGGTGACACAACGTT-1_SIGAF1,9
GACGCGTAGATCGGGT-1_SIGAH1,4
ATAGACCTCAAAGTAG-1_SIGAC1,0
GACCTGGGTACGCACC-1_SIGAD1,3
CGAACATGTCTAGTCA-1_SIGAD1,0
ACGCCGACAGATGGGT-1_SIGAB1,1
AGCTCCTTCGTCCAGG-1_SIGAB1,7
GCACATATCGAGGTAG-1_SIGAG1,5
AACCGCGAGATGGCGT-1_SIGAH1,5
CCTTACGTCTGCTGTC-1_SIGAB1,0
GATGAGGGTATTCGTG-1_SIGAB1,8
CATCCACTCTCAACTT-1_SIGAB1,3
GCAATCACATCCGCGA-1_SIGAH1,5
AGGGAGTCAGGGCATA-1_SIGAC1,8
TGGACGCGTTAGGGTG-1_SIGAC1,0
CAGTCCTTCTGAGTGT-1_SIGAH1,7
GGATGTTGTTCCACAA-1_SIGAF1,10
TGAGAGGTCTTCATGT-1_SIGAF1,6
GCATGCGGTGCAGTAG-1_SIGAB1,0
CAAGTTGGTGATAAAC-1_SIGAB1,8
GACGTGCAGAAGGTTT-1_SIGAG1,2
TAGGCATGTGTCTGAT-1_SIGAG1,9
TCCACACCATCGGAAG-1_SIGAG1,7
CTACCCAGTGTGTGCC-1_SIGAG1,3
CTGATCCGTCTCCACT-1_SIGAC1,1
GCTGCAGTCCGAGCCA-1_SIGAD1,6
TACGGGCTCCATGCTC-1_SIGAG1,10
TGGTTAGTCAGCTCGG-1_SIGAB1,0
AACTCTTCAATAGCGG-1_SIGAF1,0
TACTTGTGTTCCACTC-1_SIGAF1,3
ACGAGGACACAGCCCA-1_SIGAH1,2
CCACCTAAGAGCTGGT-1_SIGAC1,0
TTCCCAGGTGTCTGAT-1_SIGAB1,0
CGTAGGCCACATTAGC-1_SIGAD1,8
AATCGGTCAGGCTCAC-1_SIGAD1,0
CAAGAAAGTTACGGAG-1_SIGAF1,10
TATGCCCGTAATAGCA-1_SIGAB1,0
GACACGCTCAGGATCT-1_SIGAH1,1
AGTGAGGGTCTAGCGC-1_SIGAC1,10
CTCATTACAAACCCAT-1_SIGAG1,6
CACAGGCCATGGAATA-1_SIGAF1,5
CCTTCGAAGCTAGGCA-1_SIGAG1,0
GACCAATCACTTAACG-1_SIGAF1,2
AACTCAGAGTGAAGTT-1_SIGAB1,0
CTACCCACATGTCTCC-1_SIGAH1,11
ATGAGGGAGCTTATCG-1_SIGAG1,10
ACATGGTGTCGGGTCT-1_SIGAF1,6
CCTCTGATCAGCAACT-1_SIGAB1,0
AGTGTCAGTCCAAGTT-1_SIGAF1,6
CCAGCGATCCAAAGTC-1_SIGAF1,1
CCATGTCCAGGAACGT-1_SIGAC1,8
ACTGATGCATGCAACT-1_SIGAH1,0
CGTAGCGCACCTCGTT-1_SIGAF1,0
TTAACTCAGCTAACTC-1_SIGAF1,1
CCAATCCCATGCCTAA-1_SIGAD1,3
CATCAAGCATGCAACT-1_SIGAC1,0
GTCTTCGGTGTGGCTC-1_SIGAF1,2
GTGCAGCGTCCCTACT-1_SIGAB1,0
ATAACGCGTATTACCG-1_SIGAD1,0
TCTCATATCAGATAAG-1_SIGAF1,6
TAGAGCTAGTCGTACT-1_SIGAC1,5
CAGCTGGCACGGCCAT-1_SIGAH1,7
GCACTCTCACGCCAGT-1_SIGAF1,9
TGACTAGTCCCATTTA-1_SIGAG1,9
CGAGCACTCGCGATCG-1_SIGAF1,2
CACATTTCATATGGTC-1_SIGAG1,7
CACATTTAGTTCGATC-1_SIGAF1,1
GTGAAGGCAATCACAC-1_SIGAG1,3
ACCGTAATCTCGTATT-1_SIGAH1,9
GAATGAATCTAACTCT-1_SIGAC1,0
TACACGAAGATCTGCT-1_SIGAC1,0
CATATGGAGCCTATGT-1_SIGAF1,5
TTCTACAAGACACGAC-1_SIGAB1,4
TAAGCGTAGCCCAACC-1_SIGAH1,11
CCAATCCGTCGCGGTT-1_SIGAB1,0
TACTCGCCAGGCGATA-1_SIGAD1,8
GATGCTATCTCACATT-1_SIGAC1,0
AGTAGTCAGTGGGCTA-1_SIGAH1,8
TTCTTAGTCAGTTCGA-1_SIGAB1,5
CTACACCCAGTTCATG-1_SIGAG1,9
GGTGAAGCACCAGCAC-1_SIGAG1,2
GTGCGGTAGGCATGTG-1_SIGAH1,5
TGAAAGACAAATTGCC-1_SIGAC1,0
CTTCTCTCAGACAGGT-1_SIGAH1,5
ACGAGCCTCACCTCGT-1_SIGAG1,6
TAGCCGGAGTAGATGT-1_SIGAH1,9
TTCTCAACAGGGTATG-1_SIGAB1,0
CAGCTGGCACGAAGCA-1_SIGAF1,2
TACTCATGTTAGATGA-1_SIGAF1,4
GCAATCAGTGATGTCT-1_SIGAB1,3
TGGGAAGGTCTAGAGG-1_SIGAC1,4
GCCTCTATCATAGCAC-1_SIGAB1,4
GCGGGTTGTTGTCGCG-1_SIGAG1,7
TTCTCAAAGGTACTCT-1_SIGAB1,3
CAGCTGGAGGCATGTG-1_SIGAF1,10
CAGCTAAGTTACGCGC-1_SIGAH1,6
TGTCCCAGTCTAGTCA-1_SIGAB1,4
ACGCCGAGTCTAGCCG-1_SIGAF1,2
CGCTGGATCCACGTGG-1_SIGAF1,6
TAGAGCTAGAAACCTA-1_SIGAH1,1
GTACTTTGTAGCGTCC-1_SIGAH1,1
AAAGTAGGTCACCCAG-1_SIGAD1,1
GGTATTGTCTGCGACG-1_SIGAB1,0
TCAACGAGTATCGCAT-1_SIGAC1,10
GACCAATTCCGCATAA-1_SIGAD1,0
GAACGGAGTTCAGTAC-1_SIGAC1,11
ATCATGGCAATCTACG-1_SIGAC1,4
CATCAGACACTACAGT-1_SIGAD1,0
TGTATTCAGTTACGGG-1_SIGAC1,0
ATCGAGTCAACACGCC-1_SIGAH1,2
CTAAGACGTTGATTCG-1_SIGAH1,2
TCTCTAAAGAAGAAGC-1_SIGAC1,2
CCAATCCGTCCTCCAT-1_SIGAH1,7
GTCACAATCGTTTGCC-1_SIGAF1,2
CGTCTACAGCCACCTG-1_SIGAD1,4
TGTCCCAAGATAGGAG-1_SIGAB1,10
TACAGTGCATATGCTG-1_SIGAF1,10
AACCATGCATGGTTGT-1_SIGAG1,5
GGGAATGAGATCGATA-1_SIGAH1,5
CTAGTGAAGAAGATTC-1_SIGAG1,7
CATGGCGTCATCGATG-1_SIGAD1,4
GCACTCTTCGAGAACG-1_SIGAC1,3
GCTGCAGTCAACACTG-1_SIGAH1,2
GGGTCTGCAAGTACCT-1_SIGAG1,5
TGCACCTGTGTGAATA-1_SIGAH1,2
ACATCAGGTACCATCA-1_SIGAH1,1
GTACTTTAGTTCCACA-1_SIGAD1,0
CACAGTATCTGACCTC-1_SIGAD1,11
AAAGCAATCGCGGATC-1_SIGAC1,0
CAGCGACGTGTTGAGG-1_SIGAH1,7
ACCAGTAAGTACATGA-1_SIGAC1,0
TACTTACAGAAGATTC-1_SIGAG1,10
ACTGATGTCAACACAC-1_SIGAF1,9
ATGAGGGTCTCCCTGA-1_SIGAH1,7
TATCAGGGTTTGACAC-1_SIGAB1,1
CGTAGGCGTGTGGTTT-1_SIGAD1,3
GTACGTACATCAGTCA-1_SIGAF1,6
GGGACCTGTGCACTTA-1_SIGAD1,0
TGCGCAGCATTCCTGC-1_SIGAC1,4
CGAGAAGAGACTGTAA-1_SIGAF1,7
CAGCAGCCAGCTCCGA-1_SIGAC1,11
GACAGAGTCCGCTGTT-1_SIGAC1,0
CTCGAAATCACAGTAC-1_SIGAG1,6
TGCCAAAGTCATCGGC-1_SIGAB1,8
AGTGGGAGTAAGAGGA-1_SIGAG1,7
GACGTGCGTCCGCTGA-1_SIGAC1,5
CGAGAAGTCTGATACG-1_SIGAF1,2
CCTTACGTCTGAGGGA-1_SIGAG1,9
CTAATGGGTAAGGGCT-1_SIGAD1,0
TCGAGGCTCACATACG-1_SIGAD1,0
CACAGGCTCATAAAGG-1_SIGAD1,3
ACGGGCTTCCAGGGCT-1_SIGAH1,7
AGCCTAACAGCTCGCA-1_SIGAD1,0
TGGCGCATCGCAAGCC-1_SIGAC1,0
GATCGATTCTGACCTC-1_SIGAF1,9
GCTCTGTTCGCCTGAG-1_SIGAH1,5
GTCACGGCAGCGAACA-1_SIGAD1,0
TGATTTCCACGTCTCT-1_SIGAH1,4
ATCACGAGTTGGTAAA-1_SIGAB1,1
TGGGCGTAGAAGAAGC-1_SIGAH1,2
GCGACCAAGCTGTCTA-1_SIGAC1,3
ATTATCCGTGTCGCTG-1_SIGAG1,9
CATCAAGTCAGGCCCA-1_SIGAB1,8
AGCATACAGCTGAAAT-1_SIGAB1,0
CAGCAGCTCTACTATC-1_SIGAB1,8
TAAGAGATCACCAGGC-1_SIGAC1,0
CAGCTAAAGTGGTAAT-1_SIGAC1,0
TGAGAGGTCATGCAAC-1_SIGAD1,0
CGGACTGAGGTGATAT-1_SIGAF1,1
ATTACTCCAGATAATG-1_SIGAF1,6
TCTCTAACAGGTTTCA-1_SIGAB1,0
TGTATTCCACCTGGTG-1_SIGAF1,2
CGCGTTTGTCTTCAAG-1_SIGAD1,1
TTGGAACTCAGCACAT-1_SIGAB1,1
ACTTTCATCTATCGCC-1_SIGAF1,7
AAGCCGCTCAACGAAA-1_SIGAB1,8
TGACTAGTCCTCAATT-1_SIGAD1,3
TAGTTGGCAAGCTGGA-1_SIGAF1,7
CAGCAGCGTCTGATTG-1_SIGAG1,1
GTAACTGTCTTACCTA-1_SIGAC1,0
AAGTCTGGTCGGCATC-1_SIGAD1,0
GCTTCCAAGCGTTTAC-1_SIGAF1,7
CTGATCCAGGCGATAC-1_SIGAC1,3
CGCTTCAAGAAACCGC-1_SIGAB1,3
AGATCTGAGTCGAGTG-1_SIGAG1,10
TTTCCTCTCTACTATC-1_SIGAG1,9
AGGGATGGTTATCACG-1_SIGAG1,3
GCACATATCAACCATG-1_SIGAH1,7
TTAGGACCAGAGCCAA-1_SIGAH1,6
CACACCTGTCGGCACT-1_SIGAG1,2
GAACGGAAGACTACAA-1_SIGAD1,5
TACTTACCAGATCCAT-1_SIGAG1,7
GGCCGATCACCAGTTA-1_SIGAG1,1
CATATTCAGTGTGAAT-1_SIGAB1,4
GCTTGAATCTAACTTC-1_SIGAD1,5
TTGAACGTCCTATTCA-1_SIGAB1,1
CGTCACTGTACCCAAT-1_SIGAC1,1
CGCTTCAGTTACGACT-1_SIGAB1,10
AGCGGTCCATTGGGCC-1_SIGAC1,2
GTAGGCCCAGATTGCT-1_SIGAF1,2
ACCTTTATCTTCATGT-1_SIGAC1,1
AGCCTAAGTCAATACC-1_SIGAB1,0
AAAGCAACAAGGACAC-1_SIGAG1,1
ATCTGCCAGGTGCTTT-1_SIGAC1,0
GCATACATCATCATTC-1_SIGAG1,5
GCTGCGACACCCATGG-1_SIGAF1,1
GTCCTCATCCAATGGT-1_SIGAC1,4
AGTTGGTGTATGGTTC-1_SIGAH1,7
ACGGGCTAGATACACA-1_SIGAF1,9
GTACTCCGTGATGCCC-1_SIGAF1,0
ACAGCCGAGAGTAAGG-1_SIGAF1,1
CGAGCACGTCACTTCC-1_SIGAB1,1
GCACATACACTATCTT-1_SIGAD1,11
GATGAGGCAGTGAGTG-1_SIGAD1,1
TCACAAGGTATCAGTC-1_SIGAH1,2
ACGATGTGTCCAGTTA-1_SIGAG1,7
TACCTATGTTAAGAAC-1_SIGAH1,1
CCGTGGACAAACGTGG-1_SIGAH1,6
CTAGTGAAGGACTGGT-1_SIGAD1,11
GACTAACTCCAGGGCT-1_SIGAH1,2
AGTCTTTAGTACATGA-1_SIGAB1,11
CTCAGAATCCTTTCGG-1_SIGAH1,9
TTTATGCGTAGGGTAC-1_SIGAD1,5
CTAGTGAAGGATGGAA-1_SIGAH1,2
TGGGCGTGTTGATTGC-1_SIGAF1,2
TAGACCATCCGTAGGC-1_SIGAB1,8
CGACTTCTCCAAGCCG-1_SIGAF1,2
TTGCGTCTCTACCTGC-1_SIGAC1,1
CGTCCATCACTTCGAA-1_SIGAC1,0
CGACTTCAGGACATTA-1_SIGAD1,3
CAGCGACGTTGTCTTT-1_SIGAC1,4
TTTATGCAGCACAGGT-1_SIGAG1,0
CCTTTCTGTAGCGCTC-1_SIGAD1,1
TCTCATACATGCATGT-1_SIGAF1,5
ATCCACCAGATATACG-1_SIGAF1,6
CTAGTGAAGGTTACCT-1_SIGAC1,0
GTAGTCAAGGCTAGAC-1_SIGAF1,6
GTGCAGCAGAGTTGGC-1_SIGAC1,4
GGCGTGTTCAGCAACT-1_SIGAB1,0
ATCTACTTCAGCTCGG-1_SIGAB1,11
CATCCACCAGCCTTGG-1_SIGAD1,3
CGGGTCAAGTAGCGGT-1_SIGAB1,11
CTAAGACGTTTGACTG-1_SIGAH1,2
GGGCATCTCCCGACTT-1_SIGAB1,0
GGATGTTAGATGCGAC-1_SIGAG1,1
TCCACACCATCGGGTC-1_SIGAH1,7
ATCATCTGTTCTCATT-1_SIGAF1,6
TCATTACGTCTCAACA-1_SIGAC1,3
GCGCGATAGGTCATCT-1_SIGAH1,10
ATGGGAGGTTCGCTAA-1_SIGAF1,8
AGCAGCCGTGTATGGG-1_SIGAG1,2
ATCCACCTCCTGCAGG-1_SIGAG1,1
GTCACAATCAACACGT-1_SIGAC1,0
GACACGCGTGGTACAG-1_SIGAF1,0
CACACCTCATGGTAGG-1_SIGAG1,7
GAGGTGAAGTTGCAGG-1_SIGAD1,11
TATCAGGTCGTCGTTC-1_SIGAF1,7
TCATTACTCTATGTGG-1_SIGAH1,2
GTGGGTCAGGGCTTGA-1_SIGAB1,11
GACTGCGAGAATCTCC-1_SIGAD1,0
TTTCCTCCACGACGAA-1_SIGAG1,2
CCTATTATCTACCAGA-1_SIGAH1,6
CATCAGATCAGTGCAT-1_SIGAH1,2
GGGCATCGTTCTGGTA-1_SIGAB1,0
TGCACCTTCTTAGCCC-1_SIGAD1,3
CGATGGCGTCATATCG-1_SIGAH1,5
GGTGCGTCACCTTGTC-1_SIGAD1,10
GATCGTAGTCCTCTTG-1_SIGAB1,3
CCTCAGTCAACTGCTA-1_SIGAC1,0
TGACAACTCATTGCGA-1_SIGAF1,2
TGACTTTTCTTGCCGT-1_SIGAC1,3
GGACAAGCAACTGCTA-1_SIGAB1,1
GTGTTAGTCCCTGACT-1_SIGAB1,3
GCTCCTAAGGGAAACA-1_SIGAB1,4
AAAGATGCAATGTAAG-1_SIGAG1,3
AGATTGCTCTTGTATC-1_SIGAF1,2
GGCTGGTTCCTACAGA-1_SIGAG1,5
CGAACATTCGAGAACG-1_SIGAD1,4
ATTGGTGCATATACGC-1_SIGAG1,1
GTTACAGTCTGCAAGT-1_SIGAH1,9
GTAACGTCACGCCAGT-1_SIGAH1,1
ACTGATGAGACACGAC-1_SIGAC1,7
TGCGCAGGTAGCGTAG-1_SIGAD1,0
AGCGGTCGTGTGTGCC-1_SIGAC1,4
ATCACGATCTGTCAAG-1_SIGAG1,6
GACTGCGGTTGTCTTT-1_SIGAH1,1
TGAAAGAGTTGCTCCT-1_SIGAB1,1
TTGGAACAGTGGGTTG-1_SIGAB1,0
GATCTAGAGTTACGGG-1_SIGAG1,4
AGCATACAGTCGTTTG-1_SIGAH1,3
ACGGGTCGTGATGCCC-1_SIGAC1,5
CGGACTGAGAAGAAGC-1_SIGAG1,5
CGACCTTGTCAGTGGA-1_SIGAC1,1
GGGTTGCAGGTGATTA-1_SIGAF1,0
GCATGATGTAGCCTCG-1_SIGAG1,3
AGCTCTCGTCCTCCAT-1_SIGAD1,1
ATCATCTGTGGCGAAT-1_SIGAG1,4
AGTGGGACATTAGGCT-1_SIGAD1,0
CACATAGTCAACGGGA-1_SIGAF1,7
CAAGAAATCCTGTACC-1_SIGAF1,1
TACGGTATCGCTTGTC-1_SIGAH1,5
AATCCAGTCTTATCTG-1_SIGAF1,9
TGCGTGGTCCACGAAT-1_SIGAD1,0
GAACCTACATGCATGT-1_SIGAC1,0
GAAATGAAGATCTGAA-1_SIGAG1,1
GGGTTGCCACTCTGTC-1_SIGAG1,6
TGCGCAGAGCCACGTC-1_SIGAB1,11
GGAACTTCAGGGAGAG-1_SIGAD1,0
CTGCTGTTCCTATGTT-1_SIGAC1,11
AGTTGGTAGAGTTGGC-1_SIGAB1,0
TATCTCAAGAATAGGG-1_SIGAC1,0
AACTGGTGTACCGTAT-1_SIGAC1,11
CTTAACTCACTGTTAG-1_SIGAG1,10
CCTCAGTAGAGGTTAT-1_SIGAG1,1
AAAGATGAGGCACATG-1_SIGAB1,3
TTGTAGGTCTTCCTTC-1_SIGAC1,0
CACATTTGTTACCAGT-1_SIGAF1,6
ACACCGGAGCAGCCTC-1_SIGAC1,3
ATGTGTGGTTACGCGC-1_SIGAC1,4
CATGCCTCAGATCCAT-1_SIGAH1,7
GCTTGAAGTGGCCCTA-1_SIGAG1,2
TGAGCATGTAGGCTGA-1_SIGAC1,4
GCGCGATAGCCGCCTA-1_SIGAF1,5
AATCCAGAGTGGCACA-1_SIGAC1,0
CGCTGGATCGTGGGAA-1_SIGAG1,11
CTCAGAAGTGTTTGGT-1_SIGAC1,4
AGAATAGGTGGGTCAA-1_SIGAF1,0
CGATTGAAGAAGGTGA-1_SIGAG1,0
AAGGCAGGTCACCCAG-1_SIGAC1,0
GTAACTGCATCGATGT-1_SIGAF1,10
CATATGGTCGAGAGCA-1_SIGAD1,11
GACCTGGGTTGAGTTC-1_SIGAD1,0
CGGAGTCGTTGGGACA-1_SIGAD1,0
TAAGCGTTCGTTACGA-1_SIGAD1,0
CTGAAGTCAATGAATG-1_SIGAB1,5
GACGTGCTCGGACAAG-1_SIGAG1,2
TGCCCATGTCAAACTC-1_SIGAF1,1
CTGGTCTGTTAGAACA-1_SIGAF1,0
CCGTTCACAGTAAGCG-1_SIGAC1,3
CGGGTCACATCCCACT-1_SIGAG1,0
CAGAATCAGCTCCTCT-1_SIGAD1,0
AGTAGTCTCTTGACGA-1_SIGAH1,4
GTTCGGGCACTTAACG-1_SIGAH1,1
GACTGCGCAACCGCCA-1_SIGAB1,1
CAGAGAGGTCGCTTTC-1_SIGAD1,0
GTTCTCGGTTAAGGGC-1_SIGAC1,0
CGCTTCATCTCAAACG-1_SIGAG1,4
CCTAGCTCATTGAGCT-1_SIGAG1,7
AAGACCTCAGTATAAG-1_SIGAH1,1
GTCTCGTCACGTGAGA-1_SIGAH1,1
AGCTTGACAGCTTCGG-1_SIGAD1,4
TGGTTAGGTAGATTAG-1_SIGAB1,3
AGTGAGGAGACATAAC-1_SIGAH1,5
TCGGGACGTACAAGTA-1_SIGAB1,0
CCTTCGATCAAAGACA-1_SIGAG1,6
TCTTCGGGTTGTCTTT-1_SIGAB1,0
GTACGTAGTCGCTTTC-1_SIGAD1,11
GTTAAGCAGAATCTCC-1_SIGAF1,6
AAGGAGCGTCTCCCTA-1_SIGAB1,8
CGAGCACAGTCGTTTG-1_SIGAB1,4
TCAGGATTCATGTCTT-1_SIGAF1,2
TCAGGTACATGGTAGG-1_SIGAD1,1
ACCAGTAGTGAGGGTT-1_SIGAG1,3
AAACGGGGTAGTAGTA-1_SIGAF1,7
ACATCAGCATGCAATC-1_SIGAC1,0
CACTCCAGTTCAGCGC-1_SIGAD1,8
GGGAGATTCTGGAGCC-1_SIGAG1,6
GCGAGAATCTTGGGTA-1_SIGAH1,2
TTGCCGTTCATCGATG-1_SIGAG1,10
CAAGGCCCAGGCTGAA-1_SIGAH1,7
CTGTGCTCATACAGCT-1_SIGAD1,1
GAGCAGACACCGAAAG-1_SIGAF1,0
TAAACCGCAGTAACGG-1_SIGAG1,1
TAGACCAAGATCCTGT-1_SIGAF1,5
ACATGGTGTCTTCTCG-1_SIGAD1,2
GCTCCTATCCCAACGG-1_SIGAD1,0
CCGTGGAGTTGATTGC-1_SIGAF1,2
TCTTTCCAGTGGTAAT-1_SIGAB1,2
GGTGCGTTCCTAGGGC-1_SIGAH1,11
AGTGTCAGTACTTGAC-1_SIGAD1,0
CCTATTACAGAGCCAA-1_SIGAC1,4
TGGTTCCGTCTACCTC-1_SIGAH1,4
GAGGTGACACTGTCGG-1_SIGAF1,7
CTTAACTGTGGTGTAG-1_SIGAF1,0
TAAGAGAAGCTGAACG-1_SIGAH1,5
ATAACGCGTAGGGACT-1_SIGAD1,4
TACGGATTCTGGGCCA-1_SIGAH1,7
CTACCCACAGCTCGAC-1_SIGAF1,2
TGGACGCAGAGAGCTC-1_SIGAH1,5
GTACTTTCACATCTTT-1_SIGAB1,11
ACTGTCCCACACCGCA-1_SIGAG1,2
CCTCTGAGTACGAAAT-1_SIGAC1,3
AACTGGTAGTGCTGCC-1_SIGAC1,0
CGTGTAAGTCAGCTAT-1_SIGAH1,0
AAAGATGAGTTTAGGA-1_SIGAF1,5
TAAGTGCCAAAGTGCG-1_SIGAD1,0
ACACCCTTCATAGCAC-1_SIGAB1,0
ACGATGTTCGGAAATA-1_SIGAG1,2
TCAGGATAGAGGTTGC-1_SIGAG1,1
CGATTGAGTAAGTGTA-1_SIGAH1,4
GGTATTGAGCTAACAA-1_SIGAF1,4
TGAGCCGAGTTGAGTA-1_SIGAG1,3
TCTGGAACACCAGCAC-1_SIGAD1,3
GGGAATGAGGTGATAT-1_SIGAF1,6
ATTTCTGGTACAAGTA-1_SIGAB1,1
CCCAGTTAGTGTGGCA-1_SIGAG1,6
CACAGGCCACATCCGG-1_SIGAF1,11
AACTGGTCAGATAATG-1_SIGAB1,11
TGGGAAGGTCGAGATG-1_SIGAG1,9
GGATTACCATCGACGC-1_SIGAD1,3
ATTGGACGTGAAATCA-1_SIGAH1,7
GAGGTGAAGCGCCTTG-1_SIGAG1,6
GGCGACTTCTTCTGGC-1_SIGAB1,1
TCCACACCATATACGC-1_SIGAG1,5
CGTTGGGAGGAATGGA-1_SIGAG1,2
CTCCTAGTCTCGGACG-1_SIGAH1,8
GATCGTAGTTAGGGTG-1_SIGAF1,9
AAAGTAGCAACGATGG-1_SIGAG1,9
CAAGAAAAGTGGCACA-1_SIGAH1,9
CAGCGACCAGCTGTAT-1_SIGAH1,0
CTACACCCATGATCCA-1_SIGAF1,2
TGACTTTGTACTCAAC-1_SIGAG1,6
ACGCCGAAGAGTTGGC-1_SIGAB1,1
GATCGCGAGCGCCTTG-1_SIGAF1,7
AGTTGGTTCGGTGTTA-1_SIGAH1,7
CTACATTGTTAAAGAC-1_SIGAG1,2
ACGCCGACACCTCGGA-1_SIGAB1,11
GATGAGGTCATCTGCC-1_SIGAG1,0
GGATGTTGTCCCTTGT-1_SIGAG1,5
GTATCTTCACTATCTT-1_SIGAB1,3
CGAGCACCAGGGAGAG-1_SIGAD1,3
ACTGATGCACATCCAA-1_SIGAD1,4
CATCGGGCAAGTTGTC-1_SIGAG1,5
GGATTACTCTAACCGA-1_SIGAB1,8
CGCGTTTAGTAGGCCA-1_SIGAF1,10
TAAACCGTCGTGGTCG-1_SIGAC1,3
TACTTACTCCCTCAGT-1_SIGAG1,2
ATGTGTGTCCCTAACC-1_SIGAG1,9
TTAGGCATCGATCCCT-1_SIGAC1,2
TTTACTGTCCACGAAT-1_SIGAG1,6
ATAACGCAGGTGCAAC-1_SIGAB1,11
CACTCCAGTTCCAACA-1_SIGAC1,0
TTAGTTCCAACTGCTA-1_SIGAH1,2
ATGTGTGCAGCGTAAG-1_SIGAB1,0
GTCTTCGCAGATCGGA-1_SIGAH1,9
GCTGCGACACGGTAGA-1_SIGAH1,2
GTCGTAATCTCAAGTG-1_SIGAC1,0
CGGACGTTCATCATTC-1_SIGAH1,1
GTTCATTTCGGCGCAT-1_SIGAB1,0
AGGCCACAGAAGATTC-1_SIGAF1,6
GACTAACCAAACGCGA-1_SIGAC1,1
CTCTACGGTGTGAAAT-1_SIGAC1,0
TCGCGTTAGATGTAAC-1_SIGAD1,0
TGACTAGCAGTAAGCG-1_SIGAB1,1
CTGCCTATCGCATGGC-1_SIGAD1,1
AGAGCTTCAGGGAGAG-1_SIGAD1,1
CTCATTATCATCATTC-1_SIGAB1,0
CAGCATACATACTACG-1_SIGAC1,0
TGCGGGTAGAATTGTG-1_SIGAD1,5
TCAGCTCCATCTGGTA-1_SIGAB1,4
GGAACTTTCATGCTCC-1_SIGAH1,1
CGGTTAACACACTGCG-1_SIGAG1,4
TCTTCGGAGGAGTTGC-1_SIGAB1,0
CACCTTGCATGTCTCC-1_SIGAB1,0
CCACCTAGTTATCCGA-1_SIGAG1,0
GGATTACTCACCACCT-1_SIGAB1,0
CCTTACGAGGAGTAGA-1_SIGAG1,5
CGTTGGGTCAGCGACC-1_SIGAH1,2
ACGGGCTTCATCTGTT-1_SIGAC1,10
CGCTGGATCTTACCGC-1_SIGAF1,0
AATCGGTCATTCCTCG-1_SIGAG1,6
TTTACTGGTCACTGGC-1_SIGAF1,6
AAGACCTGTACGACCC-1_SIGAC1,11
GCAAACTAGGATGCGT-1_SIGAD1,0
TTGTAGGAGATGTAAC-1_SIGAG1,2
CTAGAGTTCCCTTGTG-1_SIGAB1,4
TAGTGGTAGCCGGTAA-1_SIGAG1,4
ACGGGCTGTTCACCTC-1_SIGAD1,0
TTCTTAGTCCGCATAA-1_SIGAB1,8
TACGGTAGTAAACGCG-1_SIGAF1,7
GACAGAGAGTACGACG-1_SIGAD1,10
ATAAGAGGTGATGTCT-1_SIGAG1,6
AAACGGGGTGTAACGG-1_SIGAF1,7
ATCCGAAGTACAAGTA-1_SIGAF1,6
TTGGCAAGTCCTCTTG-1_SIGAC1,10
TCATTTGCACTAGTAC-1_SIGAB1,0
CAGCATAAGCCGTCGT-1_SIGAD1,0
CCTACCATCTAGAGTC-1_SIGAG1,3
CATCCACAGCAGCGTA-1_SIGAC1,1
CATCCACGTGCGGTAA-1_SIGAH1,6
GCGGGTTGTCAAAGCG-1_SIGAH1,3
CTAATGGAGCGAGAAA-1_SIGAB1,0
TTCGGTCAGATTACCC-1_SIGAC1,0
GAAATGAAGGAATCGC-1_SIGAF1,7
GCAGCCACATTGTGCA-1_SIGAF1,6
TCCCGATCACTGAAGG-1_SIGAH1,9
TCGCGAGGTCCAACTA-1_SIGAH1,7
GCTGGGTAGACTTGAA-1_SIGAD1,4
AGTGGGAAGTTACCCA-1_SIGAG1,2
TACAGTGTCTGTTTGT-1_SIGAF1,2
CACATAGAGACTAAGT-1_SIGAB1,0
TACCTTACACCGGAAA-1_SIGAB1,11
TCTGGAACAGGCGATA-1_SIGAB1,0
ACAGCCGCACAAGTAA-1_SIGAD1,0
TCAGATGGTTGTCGCG-1_SIGAD1,3
GTACGTACATGCAATC-1_SIGAC1,1
ATCATGGCACTGTCGG-1_SIGAF1,6
GATCGATGTAGTGAAT-1_SIGAD1,0
ACGATGTTCGCGCCAA-1_SIGAB1,1
GGCTGGTAGTGGTAAT-1_SIGAC1,3
ACTATCTAGCCAGTTT-1_SIGAC1,3
CAGCTGGCACCGAAAG-1_SIGAD1,5
CGTCAGGGTCTCACCT-1_SIGAB1,4
CGAGCCATCGGTCCGA-1_SIGAF1,7
TCACGAAAGTCAAGGC-1_SIGAF1,2
CTCTACGAGTAGGCCA-1_SIGAB1,1
TGTATTCAGGCGCTCT-1_SIGAD1,4
TATCTCAAGCTATGCT-1_SIGAG1,5
GGACATTAGATGTAAC-1_SIGAC1,3
GATCGTAGTACATCCA-1_SIGAB1,4
AAGGCAGTCCACTCCA-1_SIGAH1,1
ACTATCTAGATACACA-1_SIGAG1,0
CCACCTACACACCGAC-1_SIGAB1,3
CCACGGACATACAGCT-1_SIGAB1,1
GGGTCTGGTTCAACCA-1_SIGAF1,8
GGCGTGTTCGGACAAG-1_SIGAD1,1
TCGGGACCAATGGTCT-1_SIGAB1,3
CAAGGCCAGTCAAGGC-1_SIGAH1,2
CCGGGATTCTCGTATT-1_SIGAD1,1
TGTATTCCATTTGCCC-1_SIGAC1,0
TACGGTAGTGAGTATA-1_SIGAH1,5
CACTCCAAGCTAGTGG-1_SIGAB1,5
CGGAGCTCAGTCACTA-1_SIGAD1,1
GACTAACGTATCAGTC-1_SIGAG1,6
CCTTACGGTGCACGAA-1_SIGAH1,7
CTCGTACCAGCTCGCA-1_SIGAC1,0
AGATTGCCAGCCTGTG-1_SIGAC1,1
GCTCTGTCAGGAATCG-1_SIGAF1,4
GTAACTGTCAGCTTAG-1_SIGAH1,0
TGCTGCTCAGGGATTG-1_SIGAH1,1
CCGGTAGCATTCGACA-1_SIGAD1,0
ACTGTCCTCCGAGCCA-1_SIGAC1,0
TTGCGTCAGGTAGCCA-1_SIGAF1,5
CATTATCTCCGCATAA-1_SIGAB1,5
CAGCAGCCACGTTGGC-1_SIGAH1,10
CCTAAAGAGCGATAGC-1_SIGAB1,5
GGCAATTTCCTAGTGA-1_SIGAH1,8
TGTCCCAAGCCTTGAT-1_SIGAB1,10
GCTGGGTTCGCATGAT-1_SIGAH1,9
CAGTAACTCGTTTATC-1_SIGAF1,2
CCTCTGAGTTTGGCGC-1_SIGAB1,1
AGGGATGCACAACGTT-1_SIGAD1,0
ACGAGGAAGTGCAAGC-1_SIGAH1,5
CTAGCCTTCAACTCTT-1_SIGAC1,4
AGAGTGGCACGAAGCA-1_SIGAB1,8
CGACCTTGTCAACATC-1_SIGAD1,4
AATCCAGGTCGCGGTT-1_SIGAC1,0
CTACCCATCCCTAACC-1_SIGAC1,3
TCTGGAAAGACTCGGA-1_SIGAD1,4
CCTATTAAGTTGCAGG-1_SIGAH1,6
TACAGTGTCCGTACAA-1_SIGAC1,10
AACGTTGAGGCATGGT-1_SIGAC1,4
TGCCCTAAGTGCGATG-1_SIGAG1,2
TACCTTATCCTTGACC-1_SIGAD1,10
GATCAGTCAGACGCAA-1_SIGAC1,11
CGTCACTTCAGCGACC-1_SIGAF1,2
ACATACGAGTGTGAAT-1_SIGAD1,1
AGTTGGTCATCGATGT-1_SIGAG1,6
TCAGATGAGAGTCGGT-1_SIGAB1,1
TGGACGCGTACAGTTC-1_SIGAH1,5
GAGCAGATCGCGGATC-1_SIGAB1,0
CCTTCGACAGCAGTTT-1_SIGAC1,4
ATTGGTGGTCCAACTA-1_SIGAG1,6
TTCGAAGTCGCTTGTC-1_SIGAB1,0
CCGTGGAAGTGAACAT-1_SIGAF1,10
GCGCCAAAGGCCCTTG-1_SIGAH1,7
TGCCAAACAATGAATG-1_SIGAH1,2
TCTCTAACATGGTCTA-1_SIGAH1,5
TGCCCATTCGCCAGCA-1_SIGAG1,2
TTGCCGTGTGACGCCT-1_SIGAC1,0
TCTTCGGGTCAAAGCG-1_SIGAB1,5
CTCTACGAGTGGCACA-1_SIGAC1,10
CGGGTCAGTTGTGGCC-1_SIGAB1,3
TTCTCCTGTCTAAACC-1_SIGAB1,0
TGGACGCCACGCGAAA-1_SIGAD1,0
CGTCAGGCACATTCGA-1_SIGAH1,0
TTCGGTCTCGCATGGC-1_SIGAB1,3
CAAGTTGCACCTGGTG-1_SIGAB1,0
GCAAACTGTTCCCGAG-1_SIGAF1,1
CGTCTACAGCCAGTTT-1_SIGAF1,2
CAGCATAAGGTTCCTA-1_SIGAB1,1
GAAGCAGAGACTACAA-1_SIGAB1,4
GCGCGATCACAGATTC-1_SIGAD1,0
TTATGCTGTAAGGATT-1_SIGAF1,3
AGCTCCTGTCTGCGGT-1_SIGAB1,9
CATCAGACAATGTTGC-1_SIGAF1,9
CTGCTGTAGAAGATTC-1_SIGAD1,11
TTTGTCAGTTGCTCCT-1_SIGAD1,2
CTGATAGGTCCTGCTT-1_SIGAF1,2
GACTAACGTCTAGGTT-1_SIGAG1,6
ACGCCAGCAAGTACCT-1_SIGAH1,6
AACACGTAGGTTACCT-1_SIGAF1,7
CCATGTCGTGCGAAAC-1_SIGAB1,4
CATCGGGTCATCATTC-1_SIGAG1,7
GTTCATTAGACTAGGC-1_SIGAC1,8
TTCTCAATCGCCTGAG-1_SIGAH1,11
GAACGGAGTACCGAGA-1_SIGAB1,0
TTGTAGGCATTGGCGC-1_SIGAC1,0
CTGCGGAAGGAATCGC-1_SIGAC1,3
TGTGTTTCAACTTGAC-1_SIGAB1,3
TTCTACAGTTGCGCAC-1_SIGAG1,6
CAGCGACGTGTAATGA-1_SIGAH1,7
TTGCGTCGTTCGTCTC-1_SIGAD1,10
CAAGAAACACTGAAGG-1_SIGAD1,10
ATCGAGTCAATGGTCT-1_SIGAB1,1
TGGCGCAGTACAGACG-1_SIGAF1,6
GTGCGGTCAGATCGGA-1_SIGAB1,0
CTACATTTCGGCTTGG-1_SIGAG1,5
CATCCACCATGGTCTA-1_SIGAH1,8
CGATGGCGTTAGGGTG-1_SIGAF1,6
GTCAAGTTCCTCAATT-1_SIGAG1,6
AACTCTTTCTCGGACG-1_SIGAC1,0
CTTTGCGCACCTCGGA-1_SIGAF1,7
CAAGTTGCAGCCTATA-1_SIGAC1,0
TGCACCTGTTCTGTTT-1_SIGAC1,1
GGGAGATTCGGAATCT-1_SIGAF1,8
GTCACGGCACACCGCA-1_SIGAF1,10
CTACCCACATCGGGTC-1_SIGAC1,0
GTTCTCGTCGGCTTGG-1_SIGAD1,1
TTAGTTCCAAGGTTCT-1_SIGAH1,2
GTCAAGTCATAAGACA-1_SIGAG1,2
GCGGGTTCAACCGCCA-1_SIGAG1,0
ATAGACCCAATCTACG-1_SIGAD1,0
ACACTGAGTCAGGACA-1_SIGAG1,2
AGGTCCGAGTAGCCGA-1_SIGAH1,7
ACGGAGACAGACGCAA-1_SIGAD1,1
CTGAAGTTCTGTACGA-1_SIGAC1,5
GGTATTGCAAACGTGG-1_SIGAG1,10
GTCCTCAGTTGGGACA-1_SIGAH1,6
GGCGACTGTCTAGTCA-1_SIGAB1,1
CGTCCATTCGCCCTTA-1_SIGAH1,5
GAGCAGATCATACGGT-1_SIGAG1,2
CGATTGACAGTCAGCC-1_SIGAC1,11
GTACGTACAGGTCGTC-1_SIGAG1,9
AGAGCTTGTCCAAGTT-1_SIGAD1,4
CACATTTTCCCTCAGT-1_SIGAG1,1
CATCGAACAGCTCGAC-1_SIGAB1,8
TGGGAAGCAAGCCCAC-1_SIGAH1,7
GTGGGTCGTCTCCATC-1_SIGAF1,7
CCCTCCTCATCAGTAC-1_SIGAB1,3
TAAACCGTCAGCACAT-1_SIGAF1,7
TGCGCAGTCGTGGACC-1_SIGAC1,11
GACCTGGGTGTATGGG-1_SIGAB1,4
CGGGTCATCGAACGGA-1_SIGAG1,1
TCGGTAACACGAAACG-1_SIGAB1,0
GTAACGTGTCGTTGTA-1_SIGAD1,11
CATTCGCTCAGCTCGG-1_SIGAF1,6
TGCGGGTTCACATGCA-1_SIGAC1,0
AAAGCAATCCTGCCAT-1_SIGAF1,6
TGCTACCTCAGGTAAA-1_SIGAH1,7
TTCGAAGAGCCACTAT-1_SIGAH1,6
AGCAGCCGTAAAGTCA-1_SIGAG1,2
CGTGTCTCAGCTATTG-1_SIGAF1,1
TGAGAGGCATCGATGT-1_SIGAG1,2
ATCGAGTGTCTCATCC-1_SIGAC1,0
TCAATCTGTCGCGTGT-1_SIGAF1,9
CCTACCAAGAGTACCG-1_SIGAG1,1
ACGAGGAGTGCTTCTC-1_SIGAF1,9
AGCGTCGGTCTGCGGT-1_SIGAF1,6
TGTTCCGTCGAGCCCA-1_SIGAB1,0
CTGATCCAGCCCAACC-1_SIGAF1,7
CGGTTAAGTCCTCTTG-1_SIGAB1,0
GCTCCTAAGTAAGTAC-1_SIGAB1,8
CAACTAGAGCTCAACT-1_SIGAD1,11
TCTCTAACATATACCG-1_SIGAB1,0
ACTTTCACATCCCACT-1_SIGAG1,10
CCGTGGAAGAGTACCG-1_SIGAF1,1
GTCCTCATCAGTGCAT-1_SIGAG1,7
AAAGCAAGTACCTACA-1_SIGAH1,6
GAAGCAGGTGAAGGCT-1_SIGAC1,0
TCAACGATCGCTGATA-1_SIGAH1,1
CCACGGATCTGGAGCC-1_SIGAC1,0
GAAACTCCATCGGACC-1_SIGAC1,11
CTCTAATAGCATCATC-1_SIGAB1,0
TTTATGCGTATGAAAC-1_SIGAC1,11
CAAGATCTCACTCCTG-1_SIGAD1,8
GGAGCAAAGTCCATAC-1_SIGAG1,2
CCCATACGTCTAACGT-1_SIGAB1,0
ATGGGAGGTCTGATTG-1_SIGAC1,8
TAAGTGCTCTCAAGTG-1_SIGAD1,4
TTATGCTCAGCCACCA-1_SIGAH1,5
CAAGGCCAGCTGGAAC-1_SIGAF1,2
ACTGTCCTCTGGTTCC-1_SIGAG1,1
TTCGGTCCAGGGATTG-1_SIGAF1,5
TGAGGGATCCGCAGTG-1_SIGAH1,6
GAGGTGACAGACGCAA-1_SIGAC1,8
GTGCGGTCATATACCG-1_SIGAC1,1
GGCCGATAGCAATCTC-1_SIGAF1,3
TGGACGCTCATTTGGG-1_SIGAC1,0
CATCGGGGTTGATTCG-1_SIGAB1,5
AGCGTATTCTGCTGCT-1_SIGAD1,1
GATTCAGAGGCATTGG-1_SIGAG1,2
ATCGAGTCATTATCTC-1_SIGAB1,5
GGGCATCAGCGTAATA-1_SIGAG1,9
ATTGGTGGTCAACATC-1_SIGAG1,7
GATTCAGTCCTTCAAT-1_SIGAC1,8
TTCTCCTAGATGGCGT-1_SIGAC1,8
AAATGCCCAAACGTGG-1_SIGAB1,3
GGACATTTCGCCTGTT-1_SIGAG1,7
TGCTGCTTCTCTGCTG-1_SIGAB1,3
CCTCTGAAGGCGATAC-1_SIGAD1,0
CTGAAACCAGCTGTAT-1_SIGAD1,0
TCGGGACTCCTATTCA-1_SIGAG1,6
CTCGTCAGTTCTGGTA-1_SIGAG1,2
CTGGTCTCAGCATACT-1_SIGAG1,6
CGGACACTCCAAGCCG-1_SIGAD1,0
GAATAAGGTAGAAGGA-1_SIGAF1,9
AGCTCTCCAGTAGAGC-1_SIGAB1,1
TCAATCTGTCGGATCC-1_SIGAH1,7
GTGCAGCTCAACCATG-1_SIGAH1,2
TTTATGCGTGGTCCGT-1_SIGAH1,9
TGACTAGGTGAGGGTT-1_SIGAF1,2
CGCTATCTCTTATCTG-1_SIGAF1,4
GCTGGGTTCACCACCT-1_SIGAH1,1
ACTTGTTGTTCAACCA-1_SIGAF1,6
CCCTCCTCAATCCAAC-1_SIGAF1,5
CTGCCTACAGGTTTCA-1_SIGAF1,9
GGACGTCCAATCCGAT-1_SIGAD1,8
GGACAGAGTCAATGTC-1_SIGAB1,3
GTTCGGGGTGACAAAT-1_SIGAG1,6
TCGCGTTAGCCTATGT-1_SIGAC1,11
TGTGGTAAGTCACGCC-1_SIGAF1,9
AGTAGTCGTGGTGTAG-1_SIGAH1,6
CGTGTCTTCCCGGATG-1_SIGAG1,1
CAAGAAATCCTTGACC-1_SIGAD1,0
GCTCTGTTCTATCCCG-1_SIGAB1,10
CAGCGACCAATGGAGC-1_SIGAB1,1
ACACCCTAGAATTGTG-1_SIGAC1,4
CGGGTCATCTCGTATT-1_SIGAD1,5
CGTGAGCTCTGACCTC-1_SIGAG1,6
TTGGCAAGTCGCGTGT-1_SIGAC1,5
AGTAGTCGTATTCGTG-1_SIGAH1,2
GTACGTAGTAATCACC-1_SIGAB1,5
TACGGATAGGATATAC-1_SIGAH1,7
TACCTATAGCCTTGAT-1_SIGAH1,6
GACCAATTCGTTGACA-1_SIGAH1,1
ACCAGTATCGGTCTAA-1_SIGAC1,0
TAGGCATAGAAGGACA-1_SIGAC1,4
AAATGCCAGAGGACGG-1_SIGAG1,1
GAATGAAGTCAGAAGC-1_SIGAH1,7
TCGGGACTCGTGGACC-1_SIGAH1,8
GACCTGGAGTCGTACT-1_SIGAF1,2
AGCGTCGTCGGTGTCG-1_SIGAH1,5
ACTGTCCCATCCCACT-1_SIGAB1,3
GTGCAGCGTTGGTTTG-1_SIGAG1,6
CTGTGCTGTCTACCTC-1_SIGAB1,0
ATTGGTGAGCGTAATA-1_SIGAF1,6
TGCCAAACAATTGCTG-1_SIGAC1,3
AGAGCGAAGATGCCTT-1_SIGAB1,3
CAGCATAGTAATCACC-1_SIGAB1,1
CAGCCGATCCATTCTA-1_SIGAF1,1
GCAATCACAAGGGTCA-1_SIGAB1,3
GGATTACGTTGTGGAG-1_SIGAH1,10
ACGGCCAAGATGGGTC-1_SIGAF1,5
GTGCAGCCACACGCTG-1_SIGAF1,7
TCATTTGAGTGGAGTC-1_SIGAC1,3
GGCGTGTAGGTTACCT-1_SIGAB1,0
AACCGCGAGCCAGAAC-1_SIGAC1,0
CCTACCAAGACACGAC-1_SIGAD1,0
GTATCTTCAGCGTAAG-1_SIGAD1,10
TACAGTGAGCTACCGC-1_SIGAD1,11
TGAGAGGAGTTAGGTA-1_SIGAF1,2
AAGGAGCCAAAGAATC-1_SIGAH1,6
GCCTCTAGTCGTGGCT-1_SIGAF1,9
TATCTCAGTGTTTGGT-1_SIGAG1,8
CTAGTGATCGTAGGTT-1_SIGAG1,1
GTCAAGTCAGACAGGT-1_SIGAD1,4
TAGGCATCAGCTGCTG-1_SIGAF1,2
TTGTAGGTCCGCGGTA-1_SIGAF1,0
GGACAGATCCAATGGT-1_SIGAD1,0
GTCGTAACACTTCGAA-1_SIGAB1,0
TCGGTAAAGAGTACAT-1_SIGAC1,0
GATGAGGCACAGGTTT-1_SIGAB1,8
GCTTCCAAGCAGGCTA-1_SIGAH1,5
ACCTTTAGTGAGGGAG-1_SIGAF1,5
CAGATCAGTACAGTTC-1_SIGAD1,3
TCACGAAGTGGCTCCA-1_SIGAB1,0
ACGGCCATCGACCAGC-1_SIGAH1,1
GATTCAGTCTTCTGGC-1_SIGAC1,0
ACGAGGAAGTACGATA-1_SIGAH1,2
GGCTGGTTCTGCTGCT-1_SIGAH1,5
GACTGCGTCACTATTC-1_SIGAG1,6
ACGATACAGATGGGTC-1_SIGAB1,11
CCTTACGAGGATCGCA-1_SIGAG1,3
GCAAACTTCTAGAGTC-1_SIGAF1,2
CGGTTAAGTACAGCAG-1_SIGAD1,4
GATCGTATCTTAGCCC-1_SIGAG1,9
AGATCTGCAAGTTGTC-1_SIGAD1,6
CGAGAAGGTAGCGATG-1_SIGAB1,10
ATTATCCAGCTAACAA-1_SIGAH1,7
CATCAAGCACAGGCCT-1_SIGAD1,8
AGTGGGAAGGTGATAT-1_SIGAB1,3
TTCTCAATCTGGAGCC-1_SIGAD1,0
TCGAGGCGTCGAATCT-1_SIGAD1,0
TAAGAGAAGGGAGTAA-1_SIGAC1,0
TCAGCTCCAAGGCTCC-1_SIGAC1,5
CACACAAAGAAACCGC-1_SIGAF1,5
AGATCTGTCGGATGTT-1_SIGAB1,4
TTCTACATCGAGAACG-1_SIGAB1,11
TGCTGCTGTGCTGTAT-1_SIGAD1,5
GATGCTAAGACGCAAC-1_SIGAH1,9
TCGCGTTCATCTGGTA-1_SIGAG1,3
AATCCAGCAGGATTGG-1_SIGAC1,0
CTTCTCTAGTTACCCA-1_SIGAB1,0
CCTTCGAAGAAGCCCA-1_SIGAC1,0
GGACATTAGCGATGAC-1_SIGAF1,2
ACTGCTCAGTACGATA-1_SIGAB1,4
CTAGAGTCAAGAGTCG-1_SIGAG1,6
ATGTGTGAGGGCTCTC-1_SIGAD1,3
CCGGTAGTCTTTAGTC-1_SIGAF1,5
ATCTGCCTCGCTTAGA-1_SIGAG1,1
GTCTCGTTCTTGTATC-1_SIGAC1,4
CGTCACTGTTCTGTTT-1_SIGAD1,0
GATTCAGTCATCTGTT-1_SIGAH1,2
CCAGCGATCAGGCCCA-1_SIGAB1,8
CAGAATCTCTTACCTA-1_SIGAD1,10
TACGGGCCATGTAGTC-1_SIGAC1,0
CGTCCATTCACCATAG-1_SIGAH1,1
AGTGTCAAGCCATCGC-1_SIGAC1,0
CCTACACTCAGTGCAT-1_SIGAD1,3
TCAGCAAGTGTTGAGG-1_SIGAB1,0
CTCAGAATCAGCGACC-1_SIGAH1,0
CACACTCAGCCCAGCT-1_SIGAF1,7
CAGCTGGTCCGCTGTT-1_SIGAB1,8
ACGAGCCTCCGGGTGT-1_SIGAC1,4
GAATAAGGTGAACCTT-1_SIGAC1,8
GACGGCTCACATGGGA-1_SIGAB1,5